abc	POK,pIOK,pNOK,pPOK|P:abc	catx	POK,pPOK|P:abcx
abc	POK,pIOK,pNOK,pPOK|P:abc	cl_iv	POK,pIOK,pNOK,pPOK|P:abc
abc	POK,pIOK,pNOK,pPOK|P:abc	cl_nv	POK,pIOK,pNOK,pPOK|P:abc
abc	POK,pIOK,pNOK,pPOK|P:abc	copy	POK,pIOK,pNOK,pPOK|P:abc
abc	POK,pIOK,pNOK,pPOK|P:abc	de_add	POK,pIOK,pNOK,pPOK|P:abc
abc	POK,pIOK,pNOK,pPOK|P:abc	de_iv	POK,pIOK,pNOK,pPOK|P:abc
abc	POK,pIOK,pNOK,pPOK|P:abc	de_nv	POK,pIOK,pNOK,pPOK|P:abc
abc	POK,pIOK,pNOK,pPOK|P:abc	de_str	POK,pIOK,pNOK,pPOK|P:abc
abc	POK,pIOK,pNOK,pPOK|P:abc	nl_add	POK,pIOK,pNOK,pPOK|P:abc
abc	POK,pIOK,pNOK,pPOK|P:abc	nl_iv	POK,pIOK,pNOK,pPOK|P:abc
abc	POK,pIOK,pNOK,pPOK|P:abc	nl_nv	POK,pIOK,pNOK,pPOK|P:abc
abc	POK,pIOK,pNOK,pPOK|P:abc	nl_str	POK,pIOK,pNOK,pPOK|P:abc
abc	POK,pIOK,pNOK,pPOK|P:abcx	catx	POK,pIOK,pNOK,pPOK|P:abcxx
abc	POK,pIOK,pNOK,pPOK|P:abcx	cl_iv	POK,pIOK,pNOK,pPOK|P:abcx
abc	POK,pIOK,pNOK,pPOK|P:abcx	cl_nv	POK,pIOK,pNOK,pPOK|P:abcx
abc	POK,pIOK,pNOK,pPOK|P:abcx	copy	POK,pIOK,pNOK,pPOK|P:abcx
abc	POK,pIOK,pNOK,pPOK|P:abcx	de_add	POK,pIOK,pNOK,pPOK|P:abcx
abc	POK,pIOK,pNOK,pPOK|P:abcx	de_iv	POK,pIOK,pNOK,pPOK|P:abcx
abc	POK,pIOK,pNOK,pPOK|P:abcx	de_nv	POK,pIOK,pNOK,pPOK|P:abcx
abc	POK,pIOK,pNOK,pPOK|P:abcx	de_str	POK,pIOK,pNOK,pPOK|P:abcx
abc	POK,pIOK,pNOK,pPOK|P:abcx	nl_add	POK,pIOK,pNOK,pPOK|P:abcx
abc	POK,pIOK,pNOK,pPOK|P:abcx	nl_iv	POK,pIOK,pNOK,pPOK|P:abcx
abc	POK,pIOK,pNOK,pPOK|P:abcx	nl_nv	POK,pIOK,pNOK,pPOK|P:abcx
abc	POK,pIOK,pNOK,pPOK|P:abcx	nl_str	POK,pIOK,pNOK,pPOK|P:abcx
abc	POK,pIOK,pNOK,pPOK|P:abcxx	catx	POK,pIOK,pNOK,pPOK|P:abcxxx
abc	POK,pIOK,pNOK,pPOK|P:abcxx	cl_iv	POK,pIOK,pNOK,pPOK|P:abcxx
abc	POK,pIOK,pNOK,pPOK|P:abcxx	cl_nv	POK,pIOK,pNOK,pPOK|P:abcxx
abc	POK,pIOK,pNOK,pPOK|P:abcxx	copy	POK,pIOK,pNOK,pPOK|P:abcxx
abc	POK,pIOK,pNOK,pPOK|P:abcxx	de_add	POK,pIOK,pNOK,pPOK|P:abcxx
abc	POK,pIOK,pNOK,pPOK|P:abcxx	de_iv	POK,pIOK,pNOK,pPOK|P:abcxx
abc	POK,pIOK,pNOK,pPOK|P:abcxx	de_nv	POK,pIOK,pNOK,pPOK|P:abcxx
abc	POK,pIOK,pNOK,pPOK|P:abcxx	de_str	POK,pIOK,pNOK,pPOK|P:abcxx
abc	POK,pIOK,pNOK,pPOK|P:abcxx	nl_add	POK,pIOK,pNOK,pPOK|P:abcxx
abc	POK,pIOK,pNOK,pPOK|P:abcxx	nl_iv	POK,pIOK,pNOK,pPOK|P:abcxx
abc	POK,pIOK,pNOK,pPOK|P:abcxx	nl_nv	POK,pIOK,pNOK,pPOK|P:abcxx
abc	POK,pIOK,pNOK,pPOK|P:abcxx	nl_str	POK,pIOK,pNOK,pPOK|P:abcxx
abc	POK,pNOK,pPOK|P:abc	catx	POK,pPOK|P:abcx
abc	POK,pNOK,pPOK|P:abc	cl_iv	POK,pIOK,pNOK,pPOK|P:abc
abc	POK,pNOK,pPOK|P:abc	cl_nv	POK,pNOK,pPOK|P:abc
abc	POK,pNOK,pPOK|P:abc	copy	POK,pNOK,pPOK|P:abc
abc	POK,pNOK,pPOK|P:abc	de_add	POK,pIOK,pNOK,pPOK|P:abc
abc	POK,pNOK,pPOK|P:abc	de_iv	POK,pIOK,pNOK,pPOK|P:abc
abc	POK,pNOK,pPOK|P:abc	de_nv	POK,pNOK,pPOK|P:abc
abc	POK,pNOK,pPOK|P:abc	de_str	POK,pNOK,pPOK|P:abc
abc	POK,pNOK,pPOK|P:abc	nl_add	POK,pIOK,pNOK,pPOK|P:abc
abc	POK,pNOK,pPOK|P:abc	nl_iv	POK,pIOK,pNOK,pPOK|P:abc
abc	POK,pNOK,pPOK|P:abc	nl_nv	POK,pNOK,pPOK|P:abc
abc	POK,pNOK,pPOK|P:abc	nl_str	POK,pNOK,pPOK|P:abc
abc	POK,pNOK,pPOK|P:abcx	catx	POK,pNOK,pPOK|P:abcxx
abc	POK,pNOK,pPOK|P:abcx	cl_iv	POK,pIOK,pNOK,pPOK|P:abcx
abc	POK,pNOK,pPOK|P:abcx	cl_nv	POK,pNOK,pPOK|P:abcx
abc	POK,pNOK,pPOK|P:abcx	copy	POK,pNOK,pPOK|P:abcx
abc	POK,pNOK,pPOK|P:abcx	de_add	POK,pIOK,pNOK,pPOK|P:abcx
abc	POK,pNOK,pPOK|P:abcx	de_iv	POK,pIOK,pNOK,pPOK|P:abcx
abc	POK,pNOK,pPOK|P:abcx	de_nv	POK,pNOK,pPOK|P:abcx
abc	POK,pNOK,pPOK|P:abcx	de_str	POK,pNOK,pPOK|P:abcx
abc	POK,pNOK,pPOK|P:abcx	nl_add	POK,pIOK,pNOK,pPOK|P:abcx
abc	POK,pNOK,pPOK|P:abcx	nl_iv	POK,pIOK,pNOK,pPOK|P:abcx
abc	POK,pNOK,pPOK|P:abcx	nl_nv	POK,pNOK,pPOK|P:abcx
abc	POK,pNOK,pPOK|P:abcx	nl_str	POK,pNOK,pPOK|P:abcx
abc	POK,pNOK,pPOK|P:abcxx	catx	POK,pNOK,pPOK|P:abcxxx
abc	POK,pNOK,pPOK|P:abcxx	cl_iv	POK,pIOK,pNOK,pPOK|P:abcxx
abc	POK,pNOK,pPOK|P:abcxx	cl_nv	POK,pNOK,pPOK|P:abcxx
abc	POK,pNOK,pPOK|P:abcxx	copy	POK,pNOK,pPOK|P:abcxx
abc	POK,pNOK,pPOK|P:abcxx	de_add	POK,pIOK,pNOK,pPOK|P:abcxx
abc	POK,pNOK,pPOK|P:abcxx	de_iv	POK,pIOK,pNOK,pPOK|P:abcxx
abc	POK,pNOK,pPOK|P:abcxx	de_nv	POK,pNOK,pPOK|P:abcxx
abc	POK,pNOK,pPOK|P:abcxx	de_str	POK,pNOK,pPOK|P:abcxx
abc	POK,pNOK,pPOK|P:abcxx	nl_add	POK,pIOK,pNOK,pPOK|P:abcxx
abc	POK,pNOK,pPOK|P:abcxx	nl_iv	POK,pIOK,pNOK,pPOK|P:abcxx
abc	POK,pNOK,pPOK|P:abcxx	nl_nv	POK,pNOK,pPOK|P:abcxx
abc	POK,pNOK,pPOK|P:abcxx	nl_str	POK,pNOK,pPOK|P:abcxx
abc	POK,pPOK|P:abc	catx	POK,pPOK|P:abcx
abc	POK,pPOK|P:abc	cl_iv	POK,pIOK,pNOK,pPOK|P:abc
abc	POK,pPOK|P:abc	cl_nv	POK,pNOK,pPOK|P:abc
abc	POK,pPOK|P:abc	copy	POK,pPOK|P:abc
abc	POK,pPOK|P:abc	de_add	POK,pIOK,pNOK,pPOK|P:abc
abc	POK,pPOK|P:abc	de_iv	POK,pIOK,pNOK,pPOK|P:abc
abc	POK,pPOK|P:abc	de_nv	POK,pNOK,pPOK|P:abc
abc	POK,pPOK|P:abc	de_str	POK,pPOK|P:abc
abc	POK,pPOK|P:abc	nl_add	POK,pIOK,pNOK,pPOK|P:abc
abc	POK,pPOK|P:abc	nl_iv	POK,pIOK,pNOK,pPOK|P:abc
abc	POK,pPOK|P:abc	nl_nv	POK,pNOK,pPOK|P:abc
abc	POK,pPOK|P:abc	nl_str	POK,pPOK|P:abc
abc	POK,pPOK|P:abcx	catx	POK,pPOK|P:abcxx
abc	POK,pPOK|P:abcx	cl_iv	POK,pIOK,pNOK,pPOK|P:abcx
abc	POK,pPOK|P:abcx	cl_nv	POK,pNOK,pPOK|P:abcx
abc	POK,pPOK|P:abcx	copy	POK,pPOK|P:abcx
abc	POK,pPOK|P:abcx	de_add	POK,pIOK,pNOK,pPOK|P:abcx
abc	POK,pPOK|P:abcx	de_iv	POK,pIOK,pNOK,pPOK|P:abcx
abc	POK,pPOK|P:abcx	de_nv	POK,pNOK,pPOK|P:abcx
abc	POK,pPOK|P:abcx	de_str	POK,pPOK|P:abcx
abc	POK,pPOK|P:abcx	nl_add	POK,pIOK,pNOK,pPOK|P:abcx
abc	POK,pPOK|P:abcx	nl_iv	POK,pIOK,pNOK,pPOK|P:abcx
abc	POK,pPOK|P:abcx	nl_nv	POK,pNOK,pPOK|P:abcx
abc	POK,pPOK|P:abcx	nl_str	POK,pPOK|P:abcx
abc	POK,pPOK|P:abcxx	catx	POK,pPOK|P:abcxxx
abc	POK,pPOK|P:abcxx	cl_iv	POK,pIOK,pNOK,pPOK|P:abcxx
abc	POK,pPOK|P:abcxx	cl_nv	POK,pNOK,pPOK|P:abcxx
abc	POK,pPOK|P:abcxx	copy	POK,pPOK|P:abcxx
abc	POK,pPOK|P:abcxx	de_add	POK,pIOK,pNOK,pPOK|P:abcxx
abc	POK,pPOK|P:abcxx	de_iv	POK,pIOK,pNOK,pPOK|P:abcxx
abc	POK,pPOK|P:abcxx	de_nv	POK,pNOK,pPOK|P:abcxx
abc	POK,pPOK|P:abcxx	de_str	POK,pPOK|P:abcxx
abc	POK,pPOK|P:abcxx	nl_add	POK,pIOK,pNOK,pPOK|P:abcxx
abc	POK,pPOK|P:abcxx	nl_iv	POK,pIOK,pNOK,pPOK|P:abcxx
abc	POK,pPOK|P:abcxx	nl_nv	POK,pNOK,pPOK|P:abcxx
abc	POK,pPOK|P:abcxx	nl_str	POK,pPOK|P:abcxx
abc	POK,pPOK|P:abcxxx	catx	POK,pPOK|P:abcxxxx
abc	POK,pPOK|P:abcxxx	cl_iv	POK,pIOK,pNOK,pPOK|P:abcxxx
abc	POK,pPOK|P:abcxxx	cl_nv	POK,pNOK,pPOK|P:abcxxx
abc	POK,pPOK|P:abcxxx	copy	POK,pPOK|P:abcxxx
abc	POK,pPOK|P:abcxxx	de_add	POK,pIOK,pNOK,pPOK|P:abcxxx
abc	POK,pPOK|P:abcxxx	de_iv	POK,pIOK,pNOK,pPOK|P:abcxxx
abc	POK,pPOK|P:abcxxx	de_nv	POK,pNOK,pPOK|P:abcxxx
abc	POK,pPOK|P:abcxxx	de_str	POK,pPOK|P:abcxxx
abc	POK,pPOK|P:abcxxx	nl_add	POK,pIOK,pNOK,pPOK|P:abcxxx
abc	POK,pPOK|P:abcxxx	nl_iv	POK,pIOK,pNOK,pPOK|P:abcxxx
abc	POK,pPOK|P:abcxxx	nl_nv	POK,pNOK,pPOK|P:abcxxx
abc	POK,pPOK|P:abcxxx	nl_str	POK,pPOK|P:abcxxx
c0	NOK,POK,pIOK,pNOK,pPOK|P:0,5	catx	POK,pPOK|P:0,5x
c0	NOK,POK,pIOK,pNOK,pPOK|P:0,5	cl_iv	NOK,POK,pIOK,pNOK,pPOK|P:0,5
c0	NOK,POK,pIOK,pNOK,pPOK|P:0,5	cl_nv	NOK,POK,pIOK,pNOK,pPOK|P:0,5
c0	NOK,POK,pIOK,pNOK,pPOK|P:0,5	copy	NOK,POK,pIOK,pNOK,pPOK|P:0,5
c0	NOK,POK,pIOK,pNOK,pPOK|P:0,5	de_add	NOK,POK,pIOK,pNOK,pPOK|P:0,5
c0	NOK,POK,pIOK,pNOK,pPOK|P:0,5	de_iv	NOK,POK,pIOK,pNOK,pPOK|P:0,5
c0	NOK,POK,pIOK,pNOK,pPOK|P:0,5	de_nv	NOK,POK,pIOK,pNOK,pPOK|P:0,5
c0	NOK,POK,pIOK,pNOK,pPOK|P:0,5	de_str	NOK,POK,pIOK,pNOK,pPOK|P:0,5
c0	NOK,POK,pIOK,pNOK,pPOK|P:0,5	nl_add	NOK,POK,pIOK,pNOK,pPOK|P:0,5
c0	NOK,POK,pIOK,pNOK,pPOK|P:0,5	nl_iv	NOK,POK,pIOK,pNOK,pPOK|P:0,5
c0	NOK,POK,pIOK,pNOK,pPOK|P:0,5	nl_nv	NOK,POK,pIOK,pNOK,pPOK|P:0,5
c0	NOK,POK,pIOK,pNOK,pPOK|P:0,5	nl_str	NOK,POK,pIOK,pNOK,pPOK|P:0,5
c0	NOK,POK,pNOK,pPOK|P:0,5	catx	POK,pPOK|P:0,5x
c0	NOK,POK,pNOK,pPOK|P:0,5	cl_iv	NOK,POK,pIOK,pNOK,pPOK|P:0,5
c0	NOK,POK,pNOK,pPOK|P:0,5	cl_nv	NOK,POK,pNOK,pPOK|P:0,5
c0	NOK,POK,pNOK,pPOK|P:0,5	copy	NOK,POK,pNOK,pPOK|P:0,5
c0	NOK,POK,pNOK,pPOK|P:0,5	de_add	NOK,POK,pIOK,pNOK,pPOK|P:0,5
c0	NOK,POK,pNOK,pPOK|P:0,5	de_iv	NOK,POK,pIOK,pNOK,pPOK|P:0,5
c0	NOK,POK,pNOK,pPOK|P:0,5	de_nv	NOK,POK,pNOK,pPOK|P:0,5
c0	NOK,POK,pNOK,pPOK|P:0,5	de_str	NOK,POK,pNOK,pPOK|P:0,5
c0	NOK,POK,pNOK,pPOK|P:0,5	nl_add	NOK,POK,pIOK,pNOK,pPOK|P:0,5
c0	NOK,POK,pNOK,pPOK|P:0,5	nl_iv	NOK,POK,pIOK,pNOK,pPOK|P:0,5
c0	NOK,POK,pNOK,pPOK|P:0,5	nl_nv	NOK,POK,pNOK,pPOK|P:0,5
c0	NOK,POK,pNOK,pPOK|P:0,5	nl_str	NOK,POK,pNOK,pPOK|P:0,5
c0	POK,pIOK,pNOK,pPOK|P:0,5	catx	POK,pPOK|P:0,5x
c0	POK,pIOK,pNOK,pPOK|P:0,5	cl_iv	POK,pIOK,pNOK,pPOK|P:0,5
c0	POK,pIOK,pNOK,pPOK|P:0,5	cl_nv	POK,pIOK,pNOK,pPOK|P:0,5
c0	POK,pIOK,pNOK,pPOK|P:0,5	copy	POK,pIOK,pNOK,pPOK|P:0,5
c0	POK,pIOK,pNOK,pPOK|P:0,5	de_add	POK,pIOK,pNOK,pPOK|P:0,5
c0	POK,pIOK,pNOK,pPOK|P:0,5	de_iv	POK,pIOK,pNOK,pPOK|P:0,5
c0	POK,pIOK,pNOK,pPOK|P:0,5	de_nv	POK,pIOK,pNOK,pPOK|P:0,5
c0	POK,pIOK,pNOK,pPOK|P:0,5	de_str	POK,pIOK,pNOK,pPOK|P:0,5
c0	POK,pIOK,pNOK,pPOK|P:0,5	nl_add	POK,pIOK,pNOK,pPOK|P:0,5
c0	POK,pIOK,pNOK,pPOK|P:0,5	nl_iv	POK,pIOK,pNOK,pPOK|P:0,5
c0	POK,pIOK,pNOK,pPOK|P:0,5	nl_nv	POK,pIOK,pNOK,pPOK|P:0,5
c0	POK,pIOK,pNOK,pPOK|P:0,5	nl_str	POK,pIOK,pNOK,pPOK|P:0,5
c0	POK,pIOK,pNOK,pPOK|P:0,5x	catx	POK,pIOK,pNOK,pPOK|P:0,5xx
c0	POK,pIOK,pNOK,pPOK|P:0,5x	cl_iv	POK,pIOK,pNOK,pPOK|P:0,5x
c0	POK,pIOK,pNOK,pPOK|P:0,5x	cl_nv	POK,pIOK,pNOK,pPOK|P:0,5x
c0	POK,pIOK,pNOK,pPOK|P:0,5x	copy	POK,pIOK,pNOK,pPOK|P:0,5x
c0	POK,pIOK,pNOK,pPOK|P:0,5x	de_add	POK,pIOK,pNOK,pPOK|P:0,5x
c0	POK,pIOK,pNOK,pPOK|P:0,5x	de_iv	POK,pIOK,pNOK,pPOK|P:0,5x
c0	POK,pIOK,pNOK,pPOK|P:0,5x	de_nv	POK,pIOK,pNOK,pPOK|P:0,5x
c0	POK,pIOK,pNOK,pPOK|P:0,5x	de_str	POK,pIOK,pNOK,pPOK|P:0,5x
c0	POK,pIOK,pNOK,pPOK|P:0,5x	nl_add	POK,pIOK,pNOK,pPOK|P:0,5x
c0	POK,pIOK,pNOK,pPOK|P:0,5x	nl_iv	POK,pIOK,pNOK,pPOK|P:0,5x
c0	POK,pIOK,pNOK,pPOK|P:0,5x	nl_nv	POK,pIOK,pNOK,pPOK|P:0,5x
c0	POK,pIOK,pNOK,pPOK|P:0,5x	nl_str	POK,pIOK,pNOK,pPOK|P:0,5x
c0	POK,pIOK,pNOK,pPOK|P:0,5xx	catx	POK,pIOK,pNOK,pPOK|P:0,5xxx
c0	POK,pIOK,pNOK,pPOK|P:0,5xx	cl_iv	POK,pIOK,pNOK,pPOK|P:0,5xx
c0	POK,pIOK,pNOK,pPOK|P:0,5xx	cl_nv	POK,pIOK,pNOK,pPOK|P:0,5xx
c0	POK,pIOK,pNOK,pPOK|P:0,5xx	copy	POK,pIOK,pNOK,pPOK|P:0,5xx
c0	POK,pIOK,pNOK,pPOK|P:0,5xx	de_add	POK,pIOK,pNOK,pPOK|P:0,5xx
c0	POK,pIOK,pNOK,pPOK|P:0,5xx	de_iv	POK,pIOK,pNOK,pPOK|P:0,5xx
c0	POK,pIOK,pNOK,pPOK|P:0,5xx	de_nv	POK,pIOK,pNOK,pPOK|P:0,5xx
c0	POK,pIOK,pNOK,pPOK|P:0,5xx	de_str	POK,pIOK,pNOK,pPOK|P:0,5xx
c0	POK,pIOK,pNOK,pPOK|P:0,5xx	nl_add	POK,pIOK,pNOK,pPOK|P:0,5xx
c0	POK,pIOK,pNOK,pPOK|P:0,5xx	nl_iv	POK,pIOK,pNOK,pPOK|P:0,5xx
c0	POK,pIOK,pNOK,pPOK|P:0,5xx	nl_nv	POK,pIOK,pNOK,pPOK|P:0,5xx
c0	POK,pIOK,pNOK,pPOK|P:0,5xx	nl_str	POK,pIOK,pNOK,pPOK|P:0,5xx
c0	POK,pNOK,pPOK|P:0,5	catx	POK,pPOK|P:0,5x
c0	POK,pNOK,pPOK|P:0,5	cl_iv	POK,pIOK,pNOK,pPOK|P:0,5
c0	POK,pNOK,pPOK|P:0,5	cl_nv	POK,pNOK,pPOK|P:0,5
c0	POK,pNOK,pPOK|P:0,5	copy	POK,pNOK,pPOK|P:0,5
c0	POK,pNOK,pPOK|P:0,5	de_add	POK,pIOK,pNOK,pPOK|P:0,5
c0	POK,pNOK,pPOK|P:0,5	de_iv	POK,pIOK,pNOK,pPOK|P:0,5
c0	POK,pNOK,pPOK|P:0,5	de_nv	POK,pNOK,pPOK|P:0,5
c0	POK,pNOK,pPOK|P:0,5	de_str	POK,pNOK,pPOK|P:0,5
c0	POK,pNOK,pPOK|P:0,5	nl_add	POK,pIOK,pNOK,pPOK|P:0,5
c0	POK,pNOK,pPOK|P:0,5	nl_iv	POK,pIOK,pNOK,pPOK|P:0,5
c0	POK,pNOK,pPOK|P:0,5	nl_nv	POK,pNOK,pPOK|P:0,5
c0	POK,pNOK,pPOK|P:0,5	nl_str	POK,pNOK,pPOK|P:0,5
c0	POK,pNOK,pPOK|P:0,5x	catx	POK,pNOK,pPOK|P:0,5xx
c0	POK,pNOK,pPOK|P:0,5x	cl_iv	POK,pIOK,pNOK,pPOK|P:0,5x
c0	POK,pNOK,pPOK|P:0,5x	cl_nv	POK,pNOK,pPOK|P:0,5x
c0	POK,pNOK,pPOK|P:0,5x	copy	POK,pNOK,pPOK|P:0,5x
c0	POK,pNOK,pPOK|P:0,5x	de_add	POK,pIOK,pNOK,pPOK|P:0,5x
c0	POK,pNOK,pPOK|P:0,5x	de_iv	POK,pIOK,pNOK,pPOK|P:0,5x
c0	POK,pNOK,pPOK|P:0,5x	de_nv	POK,pNOK,pPOK|P:0,5x
c0	POK,pNOK,pPOK|P:0,5x	de_str	POK,pNOK,pPOK|P:0,5x
c0	POK,pNOK,pPOK|P:0,5x	nl_add	POK,pIOK,pNOK,pPOK|P:0,5x
c0	POK,pNOK,pPOK|P:0,5x	nl_iv	POK,pIOK,pNOK,pPOK|P:0,5x
c0	POK,pNOK,pPOK|P:0,5x	nl_nv	POK,pNOK,pPOK|P:0,5x
c0	POK,pNOK,pPOK|P:0,5x	nl_str	POK,pNOK,pPOK|P:0,5x
c0	POK,pNOK,pPOK|P:0,5xx	catx	POK,pNOK,pPOK|P:0,5xxx
c0	POK,pNOK,pPOK|P:0,5xx	cl_iv	POK,pIOK,pNOK,pPOK|P:0,5xx
c0	POK,pNOK,pPOK|P:0,5xx	cl_nv	POK,pNOK,pPOK|P:0,5xx
c0	POK,pNOK,pPOK|P:0,5xx	copy	POK,pNOK,pPOK|P:0,5xx
c0	POK,pNOK,pPOK|P:0,5xx	de_add	POK,pIOK,pNOK,pPOK|P:0,5xx
c0	POK,pNOK,pPOK|P:0,5xx	de_iv	POK,pIOK,pNOK,pPOK|P:0,5xx
c0	POK,pNOK,pPOK|P:0,5xx	de_nv	POK,pNOK,pPOK|P:0,5xx
c0	POK,pNOK,pPOK|P:0,5xx	de_str	POK,pNOK,pPOK|P:0,5xx
c0	POK,pNOK,pPOK|P:0,5xx	nl_add	POK,pIOK,pNOK,pPOK|P:0,5xx
c0	POK,pNOK,pPOK|P:0,5xx	nl_iv	POK,pIOK,pNOK,pPOK|P:0,5xx
c0	POK,pNOK,pPOK|P:0,5xx	nl_nv	POK,pNOK,pPOK|P:0,5xx
c0	POK,pNOK,pPOK|P:0,5xx	nl_str	POK,pNOK,pPOK|P:0,5xx
c0	POK,pPOK|P:0,5	catx	POK,pPOK|P:0,5x
c0	POK,pPOK|P:0,5	cl_iv	POK,pIOK,pNOK,pPOK|P:0,5
c0	POK,pPOK|P:0,5	cl_nv	POK,pNOK,pPOK|P:0,5
c0	POK,pPOK|P:0,5	copy	POK,pPOK|P:0,5
c0	POK,pPOK|P:0,5	de_add	NOK,POK,pIOK,pNOK,pPOK|P:0,5
c0	POK,pPOK|P:0,5	de_iv	NOK,POK,pIOK,pNOK,pPOK|P:0,5
c0	POK,pPOK|P:0,5	de_nv	NOK,POK,pNOK,pPOK|P:0,5
c0	POK,pPOK|P:0,5	de_str	POK,pPOK|P:0,5
c0	POK,pPOK|P:0,5	nl_add	POK,pIOK,pNOK,pPOK|P:0,5
c0	POK,pPOK|P:0,5	nl_iv	POK,pIOK,pNOK,pPOK|P:0,5
c0	POK,pPOK|P:0,5	nl_nv	POK,pNOK,pPOK|P:0,5
c0	POK,pPOK|P:0,5	nl_str	POK,pPOK|P:0,5
c0	POK,pPOK|P:0,5x	catx	POK,pPOK|P:0,5xx
c0	POK,pPOK|P:0,5x	cl_iv	POK,pIOK,pNOK,pPOK|P:0,5x
c0	POK,pPOK|P:0,5x	cl_nv	POK,pNOK,pPOK|P:0,5x
c0	POK,pPOK|P:0,5x	copy	POK,pPOK|P:0,5x
c0	POK,pPOK|P:0,5x	de_add	POK,pIOK,pNOK,pPOK|P:0,5x
c0	POK,pPOK|P:0,5x	de_iv	POK,pIOK,pNOK,pPOK|P:0,5x
c0	POK,pPOK|P:0,5x	de_nv	POK,pNOK,pPOK|P:0,5x
c0	POK,pPOK|P:0,5x	de_str	POK,pPOK|P:0,5x
c0	POK,pPOK|P:0,5x	nl_add	POK,pIOK,pNOK,pPOK|P:0,5x
c0	POK,pPOK|P:0,5x	nl_iv	POK,pIOK,pNOK,pPOK|P:0,5x
c0	POK,pPOK|P:0,5x	nl_nv	POK,pNOK,pPOK|P:0,5x
c0	POK,pPOK|P:0,5x	nl_str	POK,pPOK|P:0,5x
c0	POK,pPOK|P:0,5xx	catx	POK,pPOK|P:0,5xxx
c0	POK,pPOK|P:0,5xx	cl_iv	POK,pIOK,pNOK,pPOK|P:0,5xx
c0	POK,pPOK|P:0,5xx	cl_nv	POK,pNOK,pPOK|P:0,5xx
c0	POK,pPOK|P:0,5xx	copy	POK,pPOK|P:0,5xx
c0	POK,pPOK|P:0,5xx	de_add	POK,pIOK,pNOK,pPOK|P:0,5xx
c0	POK,pPOK|P:0,5xx	de_iv	POK,pIOK,pNOK,pPOK|P:0,5xx
c0	POK,pPOK|P:0,5xx	de_nv	POK,pNOK,pPOK|P:0,5xx
c0	POK,pPOK|P:0,5xx	de_str	POK,pPOK|P:0,5xx
c0	POK,pPOK|P:0,5xx	nl_add	POK,pIOK,pNOK,pPOK|P:0,5xx
c0	POK,pPOK|P:0,5xx	nl_iv	POK,pIOK,pNOK,pPOK|P:0,5xx
c0	POK,pPOK|P:0,5xx	nl_nv	POK,pNOK,pPOK|P:0,5xx
c0	POK,pPOK|P:0,5xx	nl_str	POK,pPOK|P:0,5xx
c0	POK,pPOK|P:0,5xxx	catx	POK,pPOK|P:0,5xxxx
c0	POK,pPOK|P:0,5xxx	cl_iv	POK,pIOK,pNOK,pPOK|P:0,5xxx
c0	POK,pPOK|P:0,5xxx	cl_nv	POK,pNOK,pPOK|P:0,5xxx
c0	POK,pPOK|P:0,5xxx	copy	POK,pPOK|P:0,5xxx
c0	POK,pPOK|P:0,5xxx	de_add	POK,pIOK,pNOK,pPOK|P:0,5xxx
c0	POK,pPOK|P:0,5xxx	de_iv	POK,pIOK,pNOK,pPOK|P:0,5xxx
c0	POK,pPOK|P:0,5xxx	de_nv	POK,pNOK,pPOK|P:0,5xxx
c0	POK,pPOK|P:0,5xxx	de_str	POK,pPOK|P:0,5xxx
c0	POK,pPOK|P:0,5xxx	nl_add	POK,pIOK,pNOK,pPOK|P:0,5xxx
c0	POK,pPOK|P:0,5xxx	nl_iv	POK,pIOK,pNOK,pPOK|P:0,5xxx
c0	POK,pPOK|P:0,5xxx	nl_nv	POK,pNOK,pPOK|P:0,5xxx
c0	POK,pPOK|P:0,5xxx	nl_str	POK,pPOK|P:0,5xxx
c15	NOK,POK,pIOK,pNOK,pPOK|P:1,5	catx	POK,pPOK|P:1,5x
c15	NOK,POK,pIOK,pNOK,pPOK|P:1,5	cl_iv	NOK,POK,pIOK,pNOK,pPOK|P:1,5
c15	NOK,POK,pIOK,pNOK,pPOK|P:1,5	cl_nv	NOK,POK,pIOK,pNOK,pPOK|P:1,5
c15	NOK,POK,pIOK,pNOK,pPOK|P:1,5	copy	NOK,POK,pIOK,pNOK,pPOK|P:1,5
c15	NOK,POK,pIOK,pNOK,pPOK|P:1,5	de_add	NOK,POK,pIOK,pNOK,pPOK|P:1,5
c15	NOK,POK,pIOK,pNOK,pPOK|P:1,5	de_iv	NOK,POK,pIOK,pNOK,pPOK|P:1,5
c15	NOK,POK,pIOK,pNOK,pPOK|P:1,5	de_nv	NOK,POK,pIOK,pNOK,pPOK|P:1,5
c15	NOK,POK,pIOK,pNOK,pPOK|P:1,5	de_str	NOK,POK,pIOK,pNOK,pPOK|P:1,5
c15	NOK,POK,pIOK,pNOK,pPOK|P:1,5	nl_add	NOK,POK,pIOK,pNOK,pPOK|P:1,5
c15	NOK,POK,pIOK,pNOK,pPOK|P:1,5	nl_iv	NOK,POK,pIOK,pNOK,pPOK|P:1,5
c15	NOK,POK,pIOK,pNOK,pPOK|P:1,5	nl_nv	NOK,POK,pIOK,pNOK,pPOK|P:1,5
c15	NOK,POK,pIOK,pNOK,pPOK|P:1,5	nl_str	NOK,POK,pIOK,pNOK,pPOK|P:1,5
c15	NOK,POK,pNOK,pPOK|P:1,5	catx	POK,pPOK|P:1,5x
c15	NOK,POK,pNOK,pPOK|P:1,5	cl_iv	NOK,POK,pIOK,pNOK,pPOK|P:1,5
c15	NOK,POK,pNOK,pPOK|P:1,5	cl_nv	NOK,POK,pNOK,pPOK|P:1,5
c15	NOK,POK,pNOK,pPOK|P:1,5	copy	NOK,POK,pNOK,pPOK|P:1,5
c15	NOK,POK,pNOK,pPOK|P:1,5	de_add	NOK,POK,pIOK,pNOK,pPOK|P:1,5
c15	NOK,POK,pNOK,pPOK|P:1,5	de_iv	NOK,POK,pIOK,pNOK,pPOK|P:1,5
c15	NOK,POK,pNOK,pPOK|P:1,5	de_nv	NOK,POK,pNOK,pPOK|P:1,5
c15	NOK,POK,pNOK,pPOK|P:1,5	de_str	NOK,POK,pNOK,pPOK|P:1,5
c15	NOK,POK,pNOK,pPOK|P:1,5	nl_add	NOK,POK,pIOK,pNOK,pPOK|P:1,5
c15	NOK,POK,pNOK,pPOK|P:1,5	nl_iv	NOK,POK,pIOK,pNOK,pPOK|P:1,5
c15	NOK,POK,pNOK,pPOK|P:1,5	nl_nv	NOK,POK,pNOK,pPOK|P:1,5
c15	NOK,POK,pNOK,pPOK|P:1,5	nl_str	NOK,POK,pNOK,pPOK|P:1,5
c15	POK,pIOK,pNOK,pPOK|P:1,5	catx	POK,pPOK|P:1,5x
c15	POK,pIOK,pNOK,pPOK|P:1,5	cl_iv	POK,pIOK,pNOK,pPOK|P:1,5
c15	POK,pIOK,pNOK,pPOK|P:1,5	cl_nv	POK,pIOK,pNOK,pPOK|P:1,5
c15	POK,pIOK,pNOK,pPOK|P:1,5	copy	POK,pIOK,pNOK,pPOK|P:1,5
c15	POK,pIOK,pNOK,pPOK|P:1,5	de_add	POK,pIOK,pNOK,pPOK|P:1,5
c15	POK,pIOK,pNOK,pPOK|P:1,5	de_iv	POK,pIOK,pNOK,pPOK|P:1,5
c15	POK,pIOK,pNOK,pPOK|P:1,5	de_nv	POK,pIOK,pNOK,pPOK|P:1,5
c15	POK,pIOK,pNOK,pPOK|P:1,5	de_str	POK,pIOK,pNOK,pPOK|P:1,5
c15	POK,pIOK,pNOK,pPOK|P:1,5	nl_add	POK,pIOK,pNOK,pPOK|P:1,5
c15	POK,pIOK,pNOK,pPOK|P:1,5	nl_iv	POK,pIOK,pNOK,pPOK|P:1,5
c15	POK,pIOK,pNOK,pPOK|P:1,5	nl_nv	POK,pIOK,pNOK,pPOK|P:1,5
c15	POK,pIOK,pNOK,pPOK|P:1,5	nl_str	POK,pIOK,pNOK,pPOK|P:1,5
c15	POK,pIOK,pNOK,pPOK|P:1,5x	catx	POK,pIOK,pNOK,pPOK|P:1,5xx
c15	POK,pIOK,pNOK,pPOK|P:1,5x	cl_iv	POK,pIOK,pNOK,pPOK|P:1,5x
c15	POK,pIOK,pNOK,pPOK|P:1,5x	cl_nv	POK,pIOK,pNOK,pPOK|P:1,5x
c15	POK,pIOK,pNOK,pPOK|P:1,5x	copy	POK,pIOK,pNOK,pPOK|P:1,5x
c15	POK,pIOK,pNOK,pPOK|P:1,5x	de_add	POK,pIOK,pNOK,pPOK|P:1,5x
c15	POK,pIOK,pNOK,pPOK|P:1,5x	de_iv	POK,pIOK,pNOK,pPOK|P:1,5x
c15	POK,pIOK,pNOK,pPOK|P:1,5x	de_nv	POK,pIOK,pNOK,pPOK|P:1,5x
c15	POK,pIOK,pNOK,pPOK|P:1,5x	de_str	POK,pIOK,pNOK,pPOK|P:1,5x
c15	POK,pIOK,pNOK,pPOK|P:1,5x	nl_add	POK,pIOK,pNOK,pPOK|P:1,5x
c15	POK,pIOK,pNOK,pPOK|P:1,5x	nl_iv	POK,pIOK,pNOK,pPOK|P:1,5x
c15	POK,pIOK,pNOK,pPOK|P:1,5x	nl_nv	POK,pIOK,pNOK,pPOK|P:1,5x
c15	POK,pIOK,pNOK,pPOK|P:1,5x	nl_str	POK,pIOK,pNOK,pPOK|P:1,5x
c15	POK,pIOK,pNOK,pPOK|P:1,5xx	catx	POK,pIOK,pNOK,pPOK|P:1,5xxx
c15	POK,pIOK,pNOK,pPOK|P:1,5xx	cl_iv	POK,pIOK,pNOK,pPOK|P:1,5xx
c15	POK,pIOK,pNOK,pPOK|P:1,5xx	cl_nv	POK,pIOK,pNOK,pPOK|P:1,5xx
c15	POK,pIOK,pNOK,pPOK|P:1,5xx	copy	POK,pIOK,pNOK,pPOK|P:1,5xx
c15	POK,pIOK,pNOK,pPOK|P:1,5xx	de_add	POK,pIOK,pNOK,pPOK|P:1,5xx
c15	POK,pIOK,pNOK,pPOK|P:1,5xx	de_iv	POK,pIOK,pNOK,pPOK|P:1,5xx
c15	POK,pIOK,pNOK,pPOK|P:1,5xx	de_nv	POK,pIOK,pNOK,pPOK|P:1,5xx
c15	POK,pIOK,pNOK,pPOK|P:1,5xx	de_str	POK,pIOK,pNOK,pPOK|P:1,5xx
c15	POK,pIOK,pNOK,pPOK|P:1,5xx	nl_add	POK,pIOK,pNOK,pPOK|P:1,5xx
c15	POK,pIOK,pNOK,pPOK|P:1,5xx	nl_iv	POK,pIOK,pNOK,pPOK|P:1,5xx
c15	POK,pIOK,pNOK,pPOK|P:1,5xx	nl_nv	POK,pIOK,pNOK,pPOK|P:1,5xx
c15	POK,pIOK,pNOK,pPOK|P:1,5xx	nl_str	POK,pIOK,pNOK,pPOK|P:1,5xx
c15	POK,pNOK,pPOK|P:1,5	catx	POK,pPOK|P:1,5x
c15	POK,pNOK,pPOK|P:1,5	cl_iv	POK,pIOK,pNOK,pPOK|P:1,5
c15	POK,pNOK,pPOK|P:1,5	cl_nv	POK,pNOK,pPOK|P:1,5
c15	POK,pNOK,pPOK|P:1,5	copy	POK,pNOK,pPOK|P:1,5
c15	POK,pNOK,pPOK|P:1,5	de_add	POK,pIOK,pNOK,pPOK|P:1,5
c15	POK,pNOK,pPOK|P:1,5	de_iv	POK,pIOK,pNOK,pPOK|P:1,5
c15	POK,pNOK,pPOK|P:1,5	de_nv	POK,pNOK,pPOK|P:1,5
c15	POK,pNOK,pPOK|P:1,5	de_str	POK,pNOK,pPOK|P:1,5
c15	POK,pNOK,pPOK|P:1,5	nl_add	POK,pIOK,pNOK,pPOK|P:1,5
c15	POK,pNOK,pPOK|P:1,5	nl_iv	POK,pIOK,pNOK,pPOK|P:1,5
c15	POK,pNOK,pPOK|P:1,5	nl_nv	POK,pNOK,pPOK|P:1,5
c15	POK,pNOK,pPOK|P:1,5	nl_str	POK,pNOK,pPOK|P:1,5
c15	POK,pNOK,pPOK|P:1,5x	catx	POK,pNOK,pPOK|P:1,5xx
c15	POK,pNOK,pPOK|P:1,5x	cl_iv	POK,pIOK,pNOK,pPOK|P:1,5x
c15	POK,pNOK,pPOK|P:1,5x	cl_nv	POK,pNOK,pPOK|P:1,5x
c15	POK,pNOK,pPOK|P:1,5x	copy	POK,pNOK,pPOK|P:1,5x
c15	POK,pNOK,pPOK|P:1,5x	de_add	POK,pIOK,pNOK,pPOK|P:1,5x
c15	POK,pNOK,pPOK|P:1,5x	de_iv	POK,pIOK,pNOK,pPOK|P:1,5x
c15	POK,pNOK,pPOK|P:1,5x	de_nv	POK,pNOK,pPOK|P:1,5x
c15	POK,pNOK,pPOK|P:1,5x	de_str	POK,pNOK,pPOK|P:1,5x
c15	POK,pNOK,pPOK|P:1,5x	nl_add	POK,pIOK,pNOK,pPOK|P:1,5x
c15	POK,pNOK,pPOK|P:1,5x	nl_iv	POK,pIOK,pNOK,pPOK|P:1,5x
c15	POK,pNOK,pPOK|P:1,5x	nl_nv	POK,pNOK,pPOK|P:1,5x
c15	POK,pNOK,pPOK|P:1,5x	nl_str	POK,pNOK,pPOK|P:1,5x
c15	POK,pNOK,pPOK|P:1,5xx	catx	POK,pNOK,pPOK|P:1,5xxx
c15	POK,pNOK,pPOK|P:1,5xx	cl_iv	POK,pIOK,pNOK,pPOK|P:1,5xx
c15	POK,pNOK,pPOK|P:1,5xx	cl_nv	POK,pNOK,pPOK|P:1,5xx
c15	POK,pNOK,pPOK|P:1,5xx	copy	POK,pNOK,pPOK|P:1,5xx
c15	POK,pNOK,pPOK|P:1,5xx	de_add	POK,pIOK,pNOK,pPOK|P:1,5xx
c15	POK,pNOK,pPOK|P:1,5xx	de_iv	POK,pIOK,pNOK,pPOK|P:1,5xx
c15	POK,pNOK,pPOK|P:1,5xx	de_nv	POK,pNOK,pPOK|P:1,5xx
c15	POK,pNOK,pPOK|P:1,5xx	de_str	POK,pNOK,pPOK|P:1,5xx
c15	POK,pNOK,pPOK|P:1,5xx	nl_add	POK,pIOK,pNOK,pPOK|P:1,5xx
c15	POK,pNOK,pPOK|P:1,5xx	nl_iv	POK,pIOK,pNOK,pPOK|P:1,5xx
c15	POK,pNOK,pPOK|P:1,5xx	nl_nv	POK,pNOK,pPOK|P:1,5xx
c15	POK,pNOK,pPOK|P:1,5xx	nl_str	POK,pNOK,pPOK|P:1,5xx
c15	POK,pPOK|P:1,5	catx	POK,pPOK|P:1,5x
c15	POK,pPOK|P:1,5	cl_iv	POK,pIOK,pNOK,pPOK|P:1,5
c15	POK,pPOK|P:1,5	cl_nv	POK,pNOK,pPOK|P:1,5
c15	POK,pPOK|P:1,5	copy	POK,pPOK|P:1,5
c15	POK,pPOK|P:1,5	de_add	NOK,POK,pIOK,pNOK,pPOK|P:1,5
c15	POK,pPOK|P:1,5	de_iv	NOK,POK,pIOK,pNOK,pPOK|P:1,5
c15	POK,pPOK|P:1,5	de_nv	NOK,POK,pNOK,pPOK|P:1,5
c15	POK,pPOK|P:1,5	de_str	POK,pPOK|P:1,5
c15	POK,pPOK|P:1,5	nl_add	POK,pIOK,pNOK,pPOK|P:1,5
c15	POK,pPOK|P:1,5	nl_iv	POK,pIOK,pNOK,pPOK|P:1,5
c15	POK,pPOK|P:1,5	nl_nv	POK,pNOK,pPOK|P:1,5
c15	POK,pPOK|P:1,5	nl_str	POK,pPOK|P:1,5
c15	POK,pPOK|P:1,5x	catx	POK,pPOK|P:1,5xx
c15	POK,pPOK|P:1,5x	cl_iv	POK,pIOK,pNOK,pPOK|P:1,5x
c15	POK,pPOK|P:1,5x	cl_nv	POK,pNOK,pPOK|P:1,5x
c15	POK,pPOK|P:1,5x	copy	POK,pPOK|P:1,5x
c15	POK,pPOK|P:1,5x	de_add	POK,pIOK,pNOK,pPOK|P:1,5x
c15	POK,pPOK|P:1,5x	de_iv	POK,pIOK,pNOK,pPOK|P:1,5x
c15	POK,pPOK|P:1,5x	de_nv	POK,pNOK,pPOK|P:1,5x
c15	POK,pPOK|P:1,5x	de_str	POK,pPOK|P:1,5x
c15	POK,pPOK|P:1,5x	nl_add	POK,pIOK,pNOK,pPOK|P:1,5x
c15	POK,pPOK|P:1,5x	nl_iv	POK,pIOK,pNOK,pPOK|P:1,5x
c15	POK,pPOK|P:1,5x	nl_nv	POK,pNOK,pPOK|P:1,5x
c15	POK,pPOK|P:1,5x	nl_str	POK,pPOK|P:1,5x
c15	POK,pPOK|P:1,5xx	catx	POK,pPOK|P:1,5xxx
c15	POK,pPOK|P:1,5xx	cl_iv	POK,pIOK,pNOK,pPOK|P:1,5xx
c15	POK,pPOK|P:1,5xx	cl_nv	POK,pNOK,pPOK|P:1,5xx
c15	POK,pPOK|P:1,5xx	copy	POK,pPOK|P:1,5xx
c15	POK,pPOK|P:1,5xx	de_add	POK,pIOK,pNOK,pPOK|P:1,5xx
c15	POK,pPOK|P:1,5xx	de_iv	POK,pIOK,pNOK,pPOK|P:1,5xx
c15	POK,pPOK|P:1,5xx	de_nv	POK,pNOK,pPOK|P:1,5xx
c15	POK,pPOK|P:1,5xx	de_str	POK,pPOK|P:1,5xx
c15	POK,pPOK|P:1,5xx	nl_add	POK,pIOK,pNOK,pPOK|P:1,5xx
c15	POK,pPOK|P:1,5xx	nl_iv	POK,pIOK,pNOK,pPOK|P:1,5xx
c15	POK,pPOK|P:1,5xx	nl_nv	POK,pNOK,pPOK|P:1,5xx
c15	POK,pPOK|P:1,5xx	nl_str	POK,pPOK|P:1,5xx
c15	POK,pPOK|P:1,5xxx	catx	POK,pPOK|P:1,5xxxx
c15	POK,pPOK|P:1,5xxx	cl_iv	POK,pIOK,pNOK,pPOK|P:1,5xxx
c15	POK,pPOK|P:1,5xxx	cl_nv	POK,pNOK,pPOK|P:1,5xxx
c15	POK,pPOK|P:1,5xxx	copy	POK,pPOK|P:1,5xxx
c15	POK,pPOK|P:1,5xxx	de_add	POK,pIOK,pNOK,pPOK|P:1,5xxx
c15	POK,pPOK|P:1,5xxx	de_iv	POK,pIOK,pNOK,pPOK|P:1,5xxx
c15	POK,pPOK|P:1,5xxx	de_nv	POK,pNOK,pPOK|P:1,5xxx
c15	POK,pPOK|P:1,5xxx	de_str	POK,pPOK|P:1,5xxx
c15	POK,pPOK|P:1,5xxx	nl_add	POK,pIOK,pNOK,pPOK|P:1,5xxx
c15	POK,pPOK|P:1,5xxx	nl_iv	POK,pIOK,pNOK,pPOK|P:1,5xxx
c15	POK,pPOK|P:1,5xxx	nl_nv	POK,pNOK,pPOK|P:1,5xxx
c15	POK,pPOK|P:1,5xxx	nl_str	POK,pPOK|P:1,5xxx
c35	NOK,POK,pIOK,pNOK,pPOK|P:3,5	catx	POK,pPOK|P:3,5x
c35	NOK,POK,pIOK,pNOK,pPOK|P:3,5	cl_iv	NOK,POK,pIOK,pNOK,pPOK|P:3,5
c35	NOK,POK,pIOK,pNOK,pPOK|P:3,5	cl_nv	NOK,POK,pIOK,pNOK,pPOK|P:3,5
c35	NOK,POK,pIOK,pNOK,pPOK|P:3,5	copy	NOK,POK,pIOK,pNOK,pPOK|P:3,5
c35	NOK,POK,pIOK,pNOK,pPOK|P:3,5	de_add	NOK,POK,pIOK,pNOK,pPOK|P:3,5
c35	NOK,POK,pIOK,pNOK,pPOK|P:3,5	de_iv	NOK,POK,pIOK,pNOK,pPOK|P:3,5
c35	NOK,POK,pIOK,pNOK,pPOK|P:3,5	de_nv	NOK,POK,pIOK,pNOK,pPOK|P:3,5
c35	NOK,POK,pIOK,pNOK,pPOK|P:3,5	de_str	NOK,POK,pIOK,pNOK,pPOK|P:3,5
c35	NOK,POK,pIOK,pNOK,pPOK|P:3,5	nl_add	NOK,POK,pIOK,pNOK,pPOK|P:3,5
c35	NOK,POK,pIOK,pNOK,pPOK|P:3,5	nl_iv	NOK,POK,pIOK,pNOK,pPOK|P:3,5
c35	NOK,POK,pIOK,pNOK,pPOK|P:3,5	nl_nv	NOK,POK,pIOK,pNOK,pPOK|P:3,5
c35	NOK,POK,pIOK,pNOK,pPOK|P:3,5	nl_str	NOK,POK,pIOK,pNOK,pPOK|P:3,5
c35	NOK,POK,pNOK,pPOK|P:3,5	catx	POK,pPOK|P:3,5x
c35	NOK,POK,pNOK,pPOK|P:3,5	cl_iv	NOK,POK,pIOK,pNOK,pPOK|P:3,5
c35	NOK,POK,pNOK,pPOK|P:3,5	cl_nv	NOK,POK,pNOK,pPOK|P:3,5
c35	NOK,POK,pNOK,pPOK|P:3,5	copy	NOK,POK,pNOK,pPOK|P:3,5
c35	NOK,POK,pNOK,pPOK|P:3,5	de_add	NOK,POK,pIOK,pNOK,pPOK|P:3,5
c35	NOK,POK,pNOK,pPOK|P:3,5	de_iv	NOK,POK,pIOK,pNOK,pPOK|P:3,5
c35	NOK,POK,pNOK,pPOK|P:3,5	de_nv	NOK,POK,pNOK,pPOK|P:3,5
c35	NOK,POK,pNOK,pPOK|P:3,5	de_str	NOK,POK,pNOK,pPOK|P:3,5
c35	NOK,POK,pNOK,pPOK|P:3,5	nl_add	NOK,POK,pIOK,pNOK,pPOK|P:3,5
c35	NOK,POK,pNOK,pPOK|P:3,5	nl_iv	NOK,POK,pIOK,pNOK,pPOK|P:3,5
c35	NOK,POK,pNOK,pPOK|P:3,5	nl_nv	NOK,POK,pNOK,pPOK|P:3,5
c35	NOK,POK,pNOK,pPOK|P:3,5	nl_str	NOK,POK,pNOK,pPOK|P:3,5
c35	POK,pIOK,pNOK,pPOK|P:3,5	catx	POK,pPOK|P:3,5x
c35	POK,pIOK,pNOK,pPOK|P:3,5	cl_iv	POK,pIOK,pNOK,pPOK|P:3,5
c35	POK,pIOK,pNOK,pPOK|P:3,5	cl_nv	POK,pIOK,pNOK,pPOK|P:3,5
c35	POK,pIOK,pNOK,pPOK|P:3,5	copy	POK,pIOK,pNOK,pPOK|P:3,5
c35	POK,pIOK,pNOK,pPOK|P:3,5	de_add	POK,pIOK,pNOK,pPOK|P:3,5
c35	POK,pIOK,pNOK,pPOK|P:3,5	de_iv	POK,pIOK,pNOK,pPOK|P:3,5
c35	POK,pIOK,pNOK,pPOK|P:3,5	de_nv	POK,pIOK,pNOK,pPOK|P:3,5
c35	POK,pIOK,pNOK,pPOK|P:3,5	de_str	POK,pIOK,pNOK,pPOK|P:3,5
c35	POK,pIOK,pNOK,pPOK|P:3,5	nl_add	POK,pIOK,pNOK,pPOK|P:3,5
c35	POK,pIOK,pNOK,pPOK|P:3,5	nl_iv	POK,pIOK,pNOK,pPOK|P:3,5
c35	POK,pIOK,pNOK,pPOK|P:3,5	nl_nv	POK,pIOK,pNOK,pPOK|P:3,5
c35	POK,pIOK,pNOK,pPOK|P:3,5	nl_str	POK,pIOK,pNOK,pPOK|P:3,5
c35	POK,pIOK,pNOK,pPOK|P:3,5x	catx	POK,pIOK,pNOK,pPOK|P:3,5xx
c35	POK,pIOK,pNOK,pPOK|P:3,5x	cl_iv	POK,pIOK,pNOK,pPOK|P:3,5x
c35	POK,pIOK,pNOK,pPOK|P:3,5x	cl_nv	POK,pIOK,pNOK,pPOK|P:3,5x
c35	POK,pIOK,pNOK,pPOK|P:3,5x	copy	POK,pIOK,pNOK,pPOK|P:3,5x
c35	POK,pIOK,pNOK,pPOK|P:3,5x	de_add	POK,pIOK,pNOK,pPOK|P:3,5x
c35	POK,pIOK,pNOK,pPOK|P:3,5x	de_iv	POK,pIOK,pNOK,pPOK|P:3,5x
c35	POK,pIOK,pNOK,pPOK|P:3,5x	de_nv	POK,pIOK,pNOK,pPOK|P:3,5x
c35	POK,pIOK,pNOK,pPOK|P:3,5x	de_str	POK,pIOK,pNOK,pPOK|P:3,5x
c35	POK,pIOK,pNOK,pPOK|P:3,5x	nl_add	POK,pIOK,pNOK,pPOK|P:3,5x
c35	POK,pIOK,pNOK,pPOK|P:3,5x	nl_iv	POK,pIOK,pNOK,pPOK|P:3,5x
c35	POK,pIOK,pNOK,pPOK|P:3,5x	nl_nv	POK,pIOK,pNOK,pPOK|P:3,5x
c35	POK,pIOK,pNOK,pPOK|P:3,5x	nl_str	POK,pIOK,pNOK,pPOK|P:3,5x
c35	POK,pIOK,pNOK,pPOK|P:3,5xx	catx	POK,pIOK,pNOK,pPOK|P:3,5xxx
c35	POK,pIOK,pNOK,pPOK|P:3,5xx	cl_iv	POK,pIOK,pNOK,pPOK|P:3,5xx
c35	POK,pIOK,pNOK,pPOK|P:3,5xx	cl_nv	POK,pIOK,pNOK,pPOK|P:3,5xx
c35	POK,pIOK,pNOK,pPOK|P:3,5xx	copy	POK,pIOK,pNOK,pPOK|P:3,5xx
c35	POK,pIOK,pNOK,pPOK|P:3,5xx	de_add	POK,pIOK,pNOK,pPOK|P:3,5xx
c35	POK,pIOK,pNOK,pPOK|P:3,5xx	de_iv	POK,pIOK,pNOK,pPOK|P:3,5xx
c35	POK,pIOK,pNOK,pPOK|P:3,5xx	de_nv	POK,pIOK,pNOK,pPOK|P:3,5xx
c35	POK,pIOK,pNOK,pPOK|P:3,5xx	de_str	POK,pIOK,pNOK,pPOK|P:3,5xx
c35	POK,pIOK,pNOK,pPOK|P:3,5xx	nl_add	POK,pIOK,pNOK,pPOK|P:3,5xx
c35	POK,pIOK,pNOK,pPOK|P:3,5xx	nl_iv	POK,pIOK,pNOK,pPOK|P:3,5xx
c35	POK,pIOK,pNOK,pPOK|P:3,5xx	nl_nv	POK,pIOK,pNOK,pPOK|P:3,5xx
c35	POK,pIOK,pNOK,pPOK|P:3,5xx	nl_str	POK,pIOK,pNOK,pPOK|P:3,5xx
c35	POK,pNOK,pPOK|P:3,5	catx	POK,pPOK|P:3,5x
c35	POK,pNOK,pPOK|P:3,5	cl_iv	POK,pIOK,pNOK,pPOK|P:3,5
c35	POK,pNOK,pPOK|P:3,5	cl_nv	POK,pNOK,pPOK|P:3,5
c35	POK,pNOK,pPOK|P:3,5	copy	POK,pNOK,pPOK|P:3,5
c35	POK,pNOK,pPOK|P:3,5	de_add	POK,pIOK,pNOK,pPOK|P:3,5
c35	POK,pNOK,pPOK|P:3,5	de_iv	POK,pIOK,pNOK,pPOK|P:3,5
c35	POK,pNOK,pPOK|P:3,5	de_nv	POK,pNOK,pPOK|P:3,5
c35	POK,pNOK,pPOK|P:3,5	de_str	POK,pNOK,pPOK|P:3,5
c35	POK,pNOK,pPOK|P:3,5	nl_add	POK,pIOK,pNOK,pPOK|P:3,5
c35	POK,pNOK,pPOK|P:3,5	nl_iv	POK,pIOK,pNOK,pPOK|P:3,5
c35	POK,pNOK,pPOK|P:3,5	nl_nv	POK,pNOK,pPOK|P:3,5
c35	POK,pNOK,pPOK|P:3,5	nl_str	POK,pNOK,pPOK|P:3,5
c35	POK,pNOK,pPOK|P:3,5x	catx	POK,pNOK,pPOK|P:3,5xx
c35	POK,pNOK,pPOK|P:3,5x	cl_iv	POK,pIOK,pNOK,pPOK|P:3,5x
c35	POK,pNOK,pPOK|P:3,5x	cl_nv	POK,pNOK,pPOK|P:3,5x
c35	POK,pNOK,pPOK|P:3,5x	copy	POK,pNOK,pPOK|P:3,5x
c35	POK,pNOK,pPOK|P:3,5x	de_add	POK,pIOK,pNOK,pPOK|P:3,5x
c35	POK,pNOK,pPOK|P:3,5x	de_iv	POK,pIOK,pNOK,pPOK|P:3,5x
c35	POK,pNOK,pPOK|P:3,5x	de_nv	POK,pNOK,pPOK|P:3,5x
c35	POK,pNOK,pPOK|P:3,5x	de_str	POK,pNOK,pPOK|P:3,5x
c35	POK,pNOK,pPOK|P:3,5x	nl_add	POK,pIOK,pNOK,pPOK|P:3,5x
c35	POK,pNOK,pPOK|P:3,5x	nl_iv	POK,pIOK,pNOK,pPOK|P:3,5x
c35	POK,pNOK,pPOK|P:3,5x	nl_nv	POK,pNOK,pPOK|P:3,5x
c35	POK,pNOK,pPOK|P:3,5x	nl_str	POK,pNOK,pPOK|P:3,5x
c35	POK,pNOK,pPOK|P:3,5xx	catx	POK,pNOK,pPOK|P:3,5xxx
c35	POK,pNOK,pPOK|P:3,5xx	cl_iv	POK,pIOK,pNOK,pPOK|P:3,5xx
c35	POK,pNOK,pPOK|P:3,5xx	cl_nv	POK,pNOK,pPOK|P:3,5xx
c35	POK,pNOK,pPOK|P:3,5xx	copy	POK,pNOK,pPOK|P:3,5xx
c35	POK,pNOK,pPOK|P:3,5xx	de_add	POK,pIOK,pNOK,pPOK|P:3,5xx
c35	POK,pNOK,pPOK|P:3,5xx	de_iv	POK,pIOK,pNOK,pPOK|P:3,5xx
c35	POK,pNOK,pPOK|P:3,5xx	de_nv	POK,pNOK,pPOK|P:3,5xx
c35	POK,pNOK,pPOK|P:3,5xx	de_str	POK,pNOK,pPOK|P:3,5xx
c35	POK,pNOK,pPOK|P:3,5xx	nl_add	POK,pIOK,pNOK,pPOK|P:3,5xx
c35	POK,pNOK,pPOK|P:3,5xx	nl_iv	POK,pIOK,pNOK,pPOK|P:3,5xx
c35	POK,pNOK,pPOK|P:3,5xx	nl_nv	POK,pNOK,pPOK|P:3,5xx
c35	POK,pNOK,pPOK|P:3,5xx	nl_str	POK,pNOK,pPOK|P:3,5xx
c35	POK,pPOK|P:3,5	catx	POK,pPOK|P:3,5x
c35	POK,pPOK|P:3,5	cl_iv	POK,pIOK,pNOK,pPOK|P:3,5
c35	POK,pPOK|P:3,5	cl_nv	POK,pNOK,pPOK|P:3,5
c35	POK,pPOK|P:3,5	copy	POK,pPOK|P:3,5
c35	POK,pPOK|P:3,5	de_add	NOK,POK,pIOK,pNOK,pPOK|P:3,5
c35	POK,pPOK|P:3,5	de_iv	NOK,POK,pIOK,pNOK,pPOK|P:3,5
c35	POK,pPOK|P:3,5	de_nv	NOK,POK,pNOK,pPOK|P:3,5
c35	POK,pPOK|P:3,5	de_str	POK,pPOK|P:3,5
c35	POK,pPOK|P:3,5	nl_add	POK,pIOK,pNOK,pPOK|P:3,5
c35	POK,pPOK|P:3,5	nl_iv	POK,pIOK,pNOK,pPOK|P:3,5
c35	POK,pPOK|P:3,5	nl_nv	POK,pNOK,pPOK|P:3,5
c35	POK,pPOK|P:3,5	nl_str	POK,pPOK|P:3,5
c35	POK,pPOK|P:3,5x	catx	POK,pPOK|P:3,5xx
c35	POK,pPOK|P:3,5x	cl_iv	POK,pIOK,pNOK,pPOK|P:3,5x
c35	POK,pPOK|P:3,5x	cl_nv	POK,pNOK,pPOK|P:3,5x
c35	POK,pPOK|P:3,5x	copy	POK,pPOK|P:3,5x
c35	POK,pPOK|P:3,5x	de_add	POK,pIOK,pNOK,pPOK|P:3,5x
c35	POK,pPOK|P:3,5x	de_iv	POK,pIOK,pNOK,pPOK|P:3,5x
c35	POK,pPOK|P:3,5x	de_nv	POK,pNOK,pPOK|P:3,5x
c35	POK,pPOK|P:3,5x	de_str	POK,pPOK|P:3,5x
c35	POK,pPOK|P:3,5x	nl_add	POK,pIOK,pNOK,pPOK|P:3,5x
c35	POK,pPOK|P:3,5x	nl_iv	POK,pIOK,pNOK,pPOK|P:3,5x
c35	POK,pPOK|P:3,5x	nl_nv	POK,pNOK,pPOK|P:3,5x
c35	POK,pPOK|P:3,5x	nl_str	POK,pPOK|P:3,5x
c35	POK,pPOK|P:3,5xx	catx	POK,pPOK|P:3,5xxx
c35	POK,pPOK|P:3,5xx	cl_iv	POK,pIOK,pNOK,pPOK|P:3,5xx
c35	POK,pPOK|P:3,5xx	cl_nv	POK,pNOK,pPOK|P:3,5xx
c35	POK,pPOK|P:3,5xx	copy	POK,pPOK|P:3,5xx
c35	POK,pPOK|P:3,5xx	de_add	POK,pIOK,pNOK,pPOK|P:3,5xx
c35	POK,pPOK|P:3,5xx	de_iv	POK,pIOK,pNOK,pPOK|P:3,5xx
c35	POK,pPOK|P:3,5xx	de_nv	POK,pNOK,pPOK|P:3,5xx
c35	POK,pPOK|P:3,5xx	de_str	POK,pPOK|P:3,5xx
c35	POK,pPOK|P:3,5xx	nl_add	POK,pIOK,pNOK,pPOK|P:3,5xx
c35	POK,pPOK|P:3,5xx	nl_iv	POK,pIOK,pNOK,pPOK|P:3,5xx
c35	POK,pPOK|P:3,5xx	nl_nv	POK,pNOK,pPOK|P:3,5xx
c35	POK,pPOK|P:3,5xx	nl_str	POK,pPOK|P:3,5xx
c35	POK,pPOK|P:3,5xxx	catx	POK,pPOK|P:3,5xxxx
c35	POK,pPOK|P:3,5xxx	cl_iv	POK,pIOK,pNOK,pPOK|P:3,5xxx
c35	POK,pPOK|P:3,5xxx	cl_nv	POK,pNOK,pPOK|P:3,5xxx
c35	POK,pPOK|P:3,5xxx	copy	POK,pPOK|P:3,5xxx
c35	POK,pPOK|P:3,5xxx	de_add	POK,pIOK,pNOK,pPOK|P:3,5xxx
c35	POK,pPOK|P:3,5xxx	de_iv	POK,pIOK,pNOK,pPOK|P:3,5xxx
c35	POK,pPOK|P:3,5xxx	de_nv	POK,pNOK,pPOK|P:3,5xxx
c35	POK,pPOK|P:3,5xxx	de_str	POK,pPOK|P:3,5xxx
c35	POK,pPOK|P:3,5xxx	nl_add	POK,pIOK,pNOK,pPOK|P:3,5xxx
c35	POK,pPOK|P:3,5xxx	nl_iv	POK,pIOK,pNOK,pPOK|P:3,5xxx
c35	POK,pPOK|P:3,5xxx	nl_nv	POK,pNOK,pPOK|P:3,5xxx
c35	POK,pPOK|P:3,5xxx	nl_str	POK,pPOK|P:3,5xxx
c35x	POK,pIOK,pNOK,pPOK|P:3,5x	catx	POK,pPOK|P:3,5xx
c35x	POK,pIOK,pNOK,pPOK|P:3,5x	cl_iv	POK,pIOK,pNOK,pPOK|P:3,5x
c35x	POK,pIOK,pNOK,pPOK|P:3,5x	cl_nv	POK,pIOK,pNOK,pPOK|P:3,5x
c35x	POK,pIOK,pNOK,pPOK|P:3,5x	copy	POK,pIOK,pNOK,pPOK|P:3,5x
c35x	POK,pIOK,pNOK,pPOK|P:3,5x	de_add	POK,pIOK,pNOK,pPOK|P:3,5x
c35x	POK,pIOK,pNOK,pPOK|P:3,5x	de_iv	POK,pIOK,pNOK,pPOK|P:3,5x
c35x	POK,pIOK,pNOK,pPOK|P:3,5x	de_nv	POK,pIOK,pNOK,pPOK|P:3,5x
c35x	POK,pIOK,pNOK,pPOK|P:3,5x	de_str	POK,pIOK,pNOK,pPOK|P:3,5x
c35x	POK,pIOK,pNOK,pPOK|P:3,5x	nl_add	POK,pIOK,pNOK,pPOK|P:3,5x
c35x	POK,pIOK,pNOK,pPOK|P:3,5x	nl_iv	POK,pIOK,pNOK,pPOK|P:3,5x
c35x	POK,pIOK,pNOK,pPOK|P:3,5x	nl_nv	POK,pIOK,pNOK,pPOK|P:3,5x
c35x	POK,pIOK,pNOK,pPOK|P:3,5x	nl_str	POK,pIOK,pNOK,pPOK|P:3,5x
c35x	POK,pIOK,pNOK,pPOK|P:3,5xx	catx	POK,pIOK,pNOK,pPOK|P:3,5xxx
c35x	POK,pIOK,pNOK,pPOK|P:3,5xx	cl_iv	POK,pIOK,pNOK,pPOK|P:3,5xx
c35x	POK,pIOK,pNOK,pPOK|P:3,5xx	cl_nv	POK,pIOK,pNOK,pPOK|P:3,5xx
c35x	POK,pIOK,pNOK,pPOK|P:3,5xx	copy	POK,pIOK,pNOK,pPOK|P:3,5xx
c35x	POK,pIOK,pNOK,pPOK|P:3,5xx	de_add	POK,pIOK,pNOK,pPOK|P:3,5xx
c35x	POK,pIOK,pNOK,pPOK|P:3,5xx	de_iv	POK,pIOK,pNOK,pPOK|P:3,5xx
c35x	POK,pIOK,pNOK,pPOK|P:3,5xx	de_nv	POK,pIOK,pNOK,pPOK|P:3,5xx
c35x	POK,pIOK,pNOK,pPOK|P:3,5xx	de_str	POK,pIOK,pNOK,pPOK|P:3,5xx
c35x	POK,pIOK,pNOK,pPOK|P:3,5xx	nl_add	POK,pIOK,pNOK,pPOK|P:3,5xx
c35x	POK,pIOK,pNOK,pPOK|P:3,5xx	nl_iv	POK,pIOK,pNOK,pPOK|P:3,5xx
c35x	POK,pIOK,pNOK,pPOK|P:3,5xx	nl_nv	POK,pIOK,pNOK,pPOK|P:3,5xx
c35x	POK,pIOK,pNOK,pPOK|P:3,5xx	nl_str	POK,pIOK,pNOK,pPOK|P:3,5xx
c35x	POK,pIOK,pNOK,pPOK|P:3,5xxx	catx	POK,pIOK,pNOK,pPOK|P:3,5xxxx
c35x	POK,pIOK,pNOK,pPOK|P:3,5xxx	cl_iv	POK,pIOK,pNOK,pPOK|P:3,5xxx
c35x	POK,pIOK,pNOK,pPOK|P:3,5xxx	cl_nv	POK,pIOK,pNOK,pPOK|P:3,5xxx
c35x	POK,pIOK,pNOK,pPOK|P:3,5xxx	copy	POK,pIOK,pNOK,pPOK|P:3,5xxx
c35x	POK,pIOK,pNOK,pPOK|P:3,5xxx	de_add	POK,pIOK,pNOK,pPOK|P:3,5xxx
c35x	POK,pIOK,pNOK,pPOK|P:3,5xxx	de_iv	POK,pIOK,pNOK,pPOK|P:3,5xxx
c35x	POK,pIOK,pNOK,pPOK|P:3,5xxx	de_nv	POK,pIOK,pNOK,pPOK|P:3,5xxx
c35x	POK,pIOK,pNOK,pPOK|P:3,5xxx	de_str	POK,pIOK,pNOK,pPOK|P:3,5xxx
c35x	POK,pIOK,pNOK,pPOK|P:3,5xxx	nl_add	POK,pIOK,pNOK,pPOK|P:3,5xxx
c35x	POK,pIOK,pNOK,pPOK|P:3,5xxx	nl_iv	POK,pIOK,pNOK,pPOK|P:3,5xxx
c35x	POK,pIOK,pNOK,pPOK|P:3,5xxx	nl_nv	POK,pIOK,pNOK,pPOK|P:3,5xxx
c35x	POK,pIOK,pNOK,pPOK|P:3,5xxx	nl_str	POK,pIOK,pNOK,pPOK|P:3,5xxx
c35x	POK,pNOK,pPOK|P:3,5x	catx	POK,pPOK|P:3,5xx
c35x	POK,pNOK,pPOK|P:3,5x	cl_iv	POK,pIOK,pNOK,pPOK|P:3,5x
c35x	POK,pNOK,pPOK|P:3,5x	cl_nv	POK,pNOK,pPOK|P:3,5x
c35x	POK,pNOK,pPOK|P:3,5x	copy	POK,pNOK,pPOK|P:3,5x
c35x	POK,pNOK,pPOK|P:3,5x	de_add	POK,pIOK,pNOK,pPOK|P:3,5x
c35x	POK,pNOK,pPOK|P:3,5x	de_iv	POK,pIOK,pNOK,pPOK|P:3,5x
c35x	POK,pNOK,pPOK|P:3,5x	de_nv	POK,pNOK,pPOK|P:3,5x
c35x	POK,pNOK,pPOK|P:3,5x	de_str	POK,pNOK,pPOK|P:3,5x
c35x	POK,pNOK,pPOK|P:3,5x	nl_add	POK,pIOK,pNOK,pPOK|P:3,5x
c35x	POK,pNOK,pPOK|P:3,5x	nl_iv	POK,pIOK,pNOK,pPOK|P:3,5x
c35x	POK,pNOK,pPOK|P:3,5x	nl_nv	POK,pNOK,pPOK|P:3,5x
c35x	POK,pNOK,pPOK|P:3,5x	nl_str	POK,pNOK,pPOK|P:3,5x
c35x	POK,pNOK,pPOK|P:3,5xx	catx	POK,pNOK,pPOK|P:3,5xxx
c35x	POK,pNOK,pPOK|P:3,5xx	cl_iv	POK,pIOK,pNOK,pPOK|P:3,5xx
c35x	POK,pNOK,pPOK|P:3,5xx	cl_nv	POK,pNOK,pPOK|P:3,5xx
c35x	POK,pNOK,pPOK|P:3,5xx	copy	POK,pNOK,pPOK|P:3,5xx
c35x	POK,pNOK,pPOK|P:3,5xx	de_add	POK,pIOK,pNOK,pPOK|P:3,5xx
c35x	POK,pNOK,pPOK|P:3,5xx	de_iv	POK,pIOK,pNOK,pPOK|P:3,5xx
c35x	POK,pNOK,pPOK|P:3,5xx	de_nv	POK,pNOK,pPOK|P:3,5xx
c35x	POK,pNOK,pPOK|P:3,5xx	de_str	POK,pNOK,pPOK|P:3,5xx
c35x	POK,pNOK,pPOK|P:3,5xx	nl_add	POK,pIOK,pNOK,pPOK|P:3,5xx
c35x	POK,pNOK,pPOK|P:3,5xx	nl_iv	POK,pIOK,pNOK,pPOK|P:3,5xx
c35x	POK,pNOK,pPOK|P:3,5xx	nl_nv	POK,pNOK,pPOK|P:3,5xx
c35x	POK,pNOK,pPOK|P:3,5xx	nl_str	POK,pNOK,pPOK|P:3,5xx
c35x	POK,pNOK,pPOK|P:3,5xxx	catx	POK,pNOK,pPOK|P:3,5xxxx
c35x	POK,pNOK,pPOK|P:3,5xxx	cl_iv	POK,pIOK,pNOK,pPOK|P:3,5xxx
c35x	POK,pNOK,pPOK|P:3,5xxx	cl_nv	POK,pNOK,pPOK|P:3,5xxx
c35x	POK,pNOK,pPOK|P:3,5xxx	copy	POK,pNOK,pPOK|P:3,5xxx
c35x	POK,pNOK,pPOK|P:3,5xxx	de_add	POK,pIOK,pNOK,pPOK|P:3,5xxx
c35x	POK,pNOK,pPOK|P:3,5xxx	de_iv	POK,pIOK,pNOK,pPOK|P:3,5xxx
c35x	POK,pNOK,pPOK|P:3,5xxx	de_nv	POK,pNOK,pPOK|P:3,5xxx
c35x	POK,pNOK,pPOK|P:3,5xxx	de_str	POK,pNOK,pPOK|P:3,5xxx
c35x	POK,pNOK,pPOK|P:3,5xxx	nl_add	POK,pIOK,pNOK,pPOK|P:3,5xxx
c35x	POK,pNOK,pPOK|P:3,5xxx	nl_iv	POK,pIOK,pNOK,pPOK|P:3,5xxx
c35x	POK,pNOK,pPOK|P:3,5xxx	nl_nv	POK,pNOK,pPOK|P:3,5xxx
c35x	POK,pNOK,pPOK|P:3,5xxx	nl_str	POK,pNOK,pPOK|P:3,5xxx
c35x	POK,pPOK|P:3,5x	catx	POK,pPOK|P:3,5xx
c35x	POK,pPOK|P:3,5x	cl_iv	POK,pIOK,pNOK,pPOK|P:3,5x
c35x	POK,pPOK|P:3,5x	cl_nv	POK,pNOK,pPOK|P:3,5x
c35x	POK,pPOK|P:3,5x	copy	POK,pPOK|P:3,5x
c35x	POK,pPOK|P:3,5x	de_add	POK,pIOK,pNOK,pPOK|P:3,5x
c35x	POK,pPOK|P:3,5x	de_iv	POK,pIOK,pNOK,pPOK|P:3,5x
c35x	POK,pPOK|P:3,5x	de_nv	POK,pNOK,pPOK|P:3,5x
c35x	POK,pPOK|P:3,5x	de_str	POK,pPOK|P:3,5x
c35x	POK,pPOK|P:3,5x	nl_add	POK,pIOK,pNOK,pPOK|P:3,5x
c35x	POK,pPOK|P:3,5x	nl_iv	POK,pIOK,pNOK,pPOK|P:3,5x
c35x	POK,pPOK|P:3,5x	nl_nv	POK,pNOK,pPOK|P:3,5x
c35x	POK,pPOK|P:3,5x	nl_str	POK,pPOK|P:3,5x
c35x	POK,pPOK|P:3,5xx	catx	POK,pPOK|P:3,5xxx
c35x	POK,pPOK|P:3,5xx	cl_iv	POK,pIOK,pNOK,pPOK|P:3,5xx
c35x	POK,pPOK|P:3,5xx	cl_nv	POK,pNOK,pPOK|P:3,5xx
c35x	POK,pPOK|P:3,5xx	copy	POK,pPOK|P:3,5xx
c35x	POK,pPOK|P:3,5xx	de_add	POK,pIOK,pNOK,pPOK|P:3,5xx
c35x	POK,pPOK|P:3,5xx	de_iv	POK,pIOK,pNOK,pPOK|P:3,5xx
c35x	POK,pPOK|P:3,5xx	de_nv	POK,pNOK,pPOK|P:3,5xx
c35x	POK,pPOK|P:3,5xx	de_str	POK,pPOK|P:3,5xx
c35x	POK,pPOK|P:3,5xx	nl_add	POK,pIOK,pNOK,pPOK|P:3,5xx
c35x	POK,pPOK|P:3,5xx	nl_iv	POK,pIOK,pNOK,pPOK|P:3,5xx
c35x	POK,pPOK|P:3,5xx	nl_nv	POK,pNOK,pPOK|P:3,5xx
c35x	POK,pPOK|P:3,5xx	nl_str	POK,pPOK|P:3,5xx
c35x	POK,pPOK|P:3,5xxx	catx	POK,pPOK|P:3,5xxxx
c35x	POK,pPOK|P:3,5xxx	cl_iv	POK,pIOK,pNOK,pPOK|P:3,5xxx
c35x	POK,pPOK|P:3,5xxx	cl_nv	POK,pNOK,pPOK|P:3,5xxx
c35x	POK,pPOK|P:3,5xxx	copy	POK,pPOK|P:3,5xxx
c35x	POK,pPOK|P:3,5xxx	de_add	POK,pIOK,pNOK,pPOK|P:3,5xxx
c35x	POK,pPOK|P:3,5xxx	de_iv	POK,pIOK,pNOK,pPOK|P:3,5xxx
c35x	POK,pPOK|P:3,5xxx	de_nv	POK,pNOK,pPOK|P:3,5xxx
c35x	POK,pPOK|P:3,5xxx	de_str	POK,pPOK|P:3,5xxx
c35x	POK,pPOK|P:3,5xxx	nl_add	POK,pIOK,pNOK,pPOK|P:3,5xxx
c35x	POK,pPOK|P:3,5xxx	nl_iv	POK,pIOK,pNOK,pPOK|P:3,5xxx
c35x	POK,pPOK|P:3,5xxx	nl_nv	POK,pNOK,pPOK|P:3,5xxx
c35x	POK,pPOK|P:3,5xxx	nl_str	POK,pPOK|P:3,5xxx
c35x	POK,pPOK|P:3,5xxxx	catx	POK,pPOK|P:3,5xxxxx
c35x	POK,pPOK|P:3,5xxxx	cl_iv	POK,pIOK,pNOK,pPOK|P:3,5xxxx
c35x	POK,pPOK|P:3,5xxxx	cl_nv	POK,pNOK,pPOK|P:3,5xxxx
c35x	POK,pPOK|P:3,5xxxx	copy	POK,pPOK|P:3,5xxxx
c35x	POK,pPOK|P:3,5xxxx	de_add	POK,pIOK,pNOK,pPOK|P:3,5xxxx
c35x	POK,pPOK|P:3,5xxxx	de_iv	POK,pIOK,pNOK,pPOK|P:3,5xxxx
c35x	POK,pPOK|P:3,5xxxx	de_nv	POK,pNOK,pPOK|P:3,5xxxx
c35x	POK,pPOK|P:3,5xxxx	de_str	POK,pPOK|P:3,5xxxx
c35x	POK,pPOK|P:3,5xxxx	nl_add	POK,pIOK,pNOK,pPOK|P:3,5xxxx
c35x	POK,pPOK|P:3,5xxxx	nl_iv	POK,pIOK,pNOK,pPOK|P:3,5xxxx
c35x	POK,pPOK|P:3,5xxxx	nl_nv	POK,pNOK,pPOK|P:3,5xxxx
c35x	POK,pPOK|P:3,5xxxx	nl_str	POK,pPOK|P:3,5xxxx
d35	NOK,POK,pIOK,pNOK,pPOK|P:3.5	catx	POK,pPOK|P:3.5x
d35	NOK,POK,pIOK,pNOK,pPOK|P:3.5	cl_iv	NOK,POK,pIOK,pNOK,pPOK|P:3.5
d35	NOK,POK,pIOK,pNOK,pPOK|P:3.5	cl_nv	NOK,POK,pIOK,pNOK,pPOK|P:3.5
d35	NOK,POK,pIOK,pNOK,pPOK|P:3.5	copy	NOK,POK,pIOK,pNOK,pPOK|P:3.5
d35	NOK,POK,pIOK,pNOK,pPOK|P:3.5	de_add	NOK,POK,pIOK,pNOK,pPOK|P:3.5
d35	NOK,POK,pIOK,pNOK,pPOK|P:3.5	de_iv	NOK,POK,pIOK,pNOK,pPOK|P:3.5
d35	NOK,POK,pIOK,pNOK,pPOK|P:3.5	de_nv	NOK,POK,pIOK,pNOK,pPOK|P:3.5
d35	NOK,POK,pIOK,pNOK,pPOK|P:3.5	de_str	NOK,POK,pIOK,pNOK,pPOK|P:3.5
d35	NOK,POK,pIOK,pNOK,pPOK|P:3.5	nl_add	NOK,POK,pIOK,pNOK,pPOK|P:3.5
d35	NOK,POK,pIOK,pNOK,pPOK|P:3.5	nl_iv	NOK,POK,pIOK,pNOK,pPOK|P:3.5
d35	NOK,POK,pIOK,pNOK,pPOK|P:3.5	nl_nv	NOK,POK,pIOK,pNOK,pPOK|P:3.5
d35	NOK,POK,pIOK,pNOK,pPOK|P:3.5	nl_str	NOK,POK,pIOK,pNOK,pPOK|P:3.5
d35	NOK,POK,pNOK,pPOK|P:3.5	catx	POK,pPOK|P:3.5x
d35	NOK,POK,pNOK,pPOK|P:3.5	cl_iv	NOK,POK,pIOK,pNOK,pPOK|P:3.5
d35	NOK,POK,pNOK,pPOK|P:3.5	cl_nv	NOK,POK,pNOK,pPOK|P:3.5
d35	NOK,POK,pNOK,pPOK|P:3.5	copy	NOK,POK,pNOK,pPOK|P:3.5
d35	NOK,POK,pNOK,pPOK|P:3.5	de_add	NOK,POK,pIOK,pNOK,pPOK|P:3.5
d35	NOK,POK,pNOK,pPOK|P:3.5	de_iv	NOK,POK,pIOK,pNOK,pPOK|P:3.5
d35	NOK,POK,pNOK,pPOK|P:3.5	de_nv	NOK,POK,pNOK,pPOK|P:3.5
d35	NOK,POK,pNOK,pPOK|P:3.5	de_str	NOK,POK,pNOK,pPOK|P:3.5
d35	NOK,POK,pNOK,pPOK|P:3.5	nl_add	NOK,POK,pIOK,pNOK,pPOK|P:3.5
d35	NOK,POK,pNOK,pPOK|P:3.5	nl_iv	NOK,POK,pIOK,pNOK,pPOK|P:3.5
d35	NOK,POK,pNOK,pPOK|P:3.5	nl_nv	NOK,POK,pNOK,pPOK|P:3.5
d35	NOK,POK,pNOK,pPOK|P:3.5	nl_str	NOK,POK,pNOK,pPOK|P:3.5
d35	POK,pIOK,pNOK,pPOK|P:3.5x	catx	POK,pIOK,pNOK,pPOK|P:3.5xx
d35	POK,pIOK,pNOK,pPOK|P:3.5x	cl_iv	POK,pIOK,pNOK,pPOK|P:3.5x
d35	POK,pIOK,pNOK,pPOK|P:3.5x	cl_nv	POK,pIOK,pNOK,pPOK|P:3.5x
d35	POK,pIOK,pNOK,pPOK|P:3.5x	copy	POK,pIOK,pNOK,pPOK|P:3.5x
d35	POK,pIOK,pNOK,pPOK|P:3.5x	de_add	POK,pIOK,pNOK,pPOK|P:3.5x
d35	POK,pIOK,pNOK,pPOK|P:3.5x	de_iv	POK,pIOK,pNOK,pPOK|P:3.5x
d35	POK,pIOK,pNOK,pPOK|P:3.5x	de_nv	POK,pIOK,pNOK,pPOK|P:3.5x
d35	POK,pIOK,pNOK,pPOK|P:3.5x	de_str	POK,pIOK,pNOK,pPOK|P:3.5x
d35	POK,pIOK,pNOK,pPOK|P:3.5x	nl_add	POK,pIOK,pNOK,pPOK|P:3.5x
d35	POK,pIOK,pNOK,pPOK|P:3.5x	nl_iv	POK,pIOK,pNOK,pPOK|P:3.5x
d35	POK,pIOK,pNOK,pPOK|P:3.5x	nl_nv	POK,pIOK,pNOK,pPOK|P:3.5x
d35	POK,pIOK,pNOK,pPOK|P:3.5x	nl_str	POK,pIOK,pNOK,pPOK|P:3.5x
d35	POK,pIOK,pNOK,pPOK|P:3.5xx	catx	POK,pIOK,pNOK,pPOK|P:3.5xxx
d35	POK,pIOK,pNOK,pPOK|P:3.5xx	cl_iv	POK,pIOK,pNOK,pPOK|P:3.5xx
d35	POK,pIOK,pNOK,pPOK|P:3.5xx	cl_nv	POK,pIOK,pNOK,pPOK|P:3.5xx
d35	POK,pIOK,pNOK,pPOK|P:3.5xx	copy	POK,pIOK,pNOK,pPOK|P:3.5xx
d35	POK,pIOK,pNOK,pPOK|P:3.5xx	de_add	POK,pIOK,pNOK,pPOK|P:3.5xx
d35	POK,pIOK,pNOK,pPOK|P:3.5xx	de_iv	POK,pIOK,pNOK,pPOK|P:3.5xx
d35	POK,pIOK,pNOK,pPOK|P:3.5xx	de_nv	POK,pIOK,pNOK,pPOK|P:3.5xx
d35	POK,pIOK,pNOK,pPOK|P:3.5xx	de_str	POK,pIOK,pNOK,pPOK|P:3.5xx
d35	POK,pIOK,pNOK,pPOK|P:3.5xx	nl_add	POK,pIOK,pNOK,pPOK|P:3.5xx
d35	POK,pIOK,pNOK,pPOK|P:3.5xx	nl_iv	POK,pIOK,pNOK,pPOK|P:3.5xx
d35	POK,pIOK,pNOK,pPOK|P:3.5xx	nl_nv	POK,pIOK,pNOK,pPOK|P:3.5xx
d35	POK,pIOK,pNOK,pPOK|P:3.5xx	nl_str	POK,pIOK,pNOK,pPOK|P:3.5xx
d35	POK,pNOK,pPOK|P:3.5x	catx	POK,pNOK,pPOK|P:3.5xx
d35	POK,pNOK,pPOK|P:3.5x	cl_iv	POK,pIOK,pNOK,pPOK|P:3.5x
d35	POK,pNOK,pPOK|P:3.5x	cl_nv	POK,pNOK,pPOK|P:3.5x
d35	POK,pNOK,pPOK|P:3.5x	copy	POK,pNOK,pPOK|P:3.5x
d35	POK,pNOK,pPOK|P:3.5x	de_add	POK,pIOK,pNOK,pPOK|P:3.5x
d35	POK,pNOK,pPOK|P:3.5x	de_iv	POK,pIOK,pNOK,pPOK|P:3.5x
d35	POK,pNOK,pPOK|P:3.5x	de_nv	POK,pNOK,pPOK|P:3.5x
d35	POK,pNOK,pPOK|P:3.5x	de_str	POK,pNOK,pPOK|P:3.5x
d35	POK,pNOK,pPOK|P:3.5x	nl_add	POK,pIOK,pNOK,pPOK|P:3.5x
d35	POK,pNOK,pPOK|P:3.5x	nl_iv	POK,pIOK,pNOK,pPOK|P:3.5x
d35	POK,pNOK,pPOK|P:3.5x	nl_nv	POK,pNOK,pPOK|P:3.5x
d35	POK,pNOK,pPOK|P:3.5x	nl_str	POK,pNOK,pPOK|P:3.5x
d35	POK,pNOK,pPOK|P:3.5xx	catx	POK,pNOK,pPOK|P:3.5xxx
d35	POK,pNOK,pPOK|P:3.5xx	cl_iv	POK,pIOK,pNOK,pPOK|P:3.5xx
d35	POK,pNOK,pPOK|P:3.5xx	cl_nv	POK,pNOK,pPOK|P:3.5xx
d35	POK,pNOK,pPOK|P:3.5xx	copy	POK,pNOK,pPOK|P:3.5xx
d35	POK,pNOK,pPOK|P:3.5xx	de_add	POK,pIOK,pNOK,pPOK|P:3.5xx
d35	POK,pNOK,pPOK|P:3.5xx	de_iv	POK,pIOK,pNOK,pPOK|P:3.5xx
d35	POK,pNOK,pPOK|P:3.5xx	de_nv	POK,pNOK,pPOK|P:3.5xx
d35	POK,pNOK,pPOK|P:3.5xx	de_str	POK,pNOK,pPOK|P:3.5xx
d35	POK,pNOK,pPOK|P:3.5xx	nl_add	POK,pIOK,pNOK,pPOK|P:3.5xx
d35	POK,pNOK,pPOK|P:3.5xx	nl_iv	POK,pIOK,pNOK,pPOK|P:3.5xx
d35	POK,pNOK,pPOK|P:3.5xx	nl_nv	POK,pNOK,pPOK|P:3.5xx
d35	POK,pNOK,pPOK|P:3.5xx	nl_str	POK,pNOK,pPOK|P:3.5xx
d35	POK,pPOK|P:3.5	catx	POK,pPOK|P:3.5x
d35	POK,pPOK|P:3.5	cl_iv	NOK,POK,pIOK,pNOK,pPOK|P:3.5
d35	POK,pPOK|P:3.5	cl_nv	NOK,POK,pNOK,pPOK|P:3.5
d35	POK,pPOK|P:3.5	copy	POK,pPOK|P:3.5
d35	POK,pPOK|P:3.5	de_add	NOK,POK,pIOK,pNOK,pPOK|P:3.5
d35	POK,pPOK|P:3.5	de_iv	NOK,POK,pIOK,pNOK,pPOK|P:3.5
d35	POK,pPOK|P:3.5	de_nv	NOK,POK,pNOK,pPOK|P:3.5
d35	POK,pPOK|P:3.5	de_str	POK,pPOK|P:3.5
d35	POK,pPOK|P:3.5	nl_add	NOK,POK,pIOK,pNOK,pPOK|P:3.5
d35	POK,pPOK|P:3.5	nl_iv	NOK,POK,pIOK,pNOK,pPOK|P:3.5
d35	POK,pPOK|P:3.5	nl_nv	NOK,POK,pNOK,pPOK|P:3.5
d35	POK,pPOK|P:3.5	nl_str	POK,pPOK|P:3.5
d35	POK,pPOK|P:3.5x	catx	POK,pPOK|P:3.5xx
d35	POK,pPOK|P:3.5x	cl_iv	POK,pIOK,pNOK,pPOK|P:3.5x
d35	POK,pPOK|P:3.5x	cl_nv	POK,pNOK,pPOK|P:3.5x
d35	POK,pPOK|P:3.5x	copy	POK,pPOK|P:3.5x
d35	POK,pPOK|P:3.5x	de_add	POK,pIOK,pNOK,pPOK|P:3.5x
d35	POK,pPOK|P:3.5x	de_iv	POK,pIOK,pNOK,pPOK|P:3.5x
d35	POK,pPOK|P:3.5x	de_nv	POK,pNOK,pPOK|P:3.5x
d35	POK,pPOK|P:3.5x	de_str	POK,pPOK|P:3.5x
d35	POK,pPOK|P:3.5x	nl_add	POK,pIOK,pNOK,pPOK|P:3.5x
d35	POK,pPOK|P:3.5x	nl_iv	POK,pIOK,pNOK,pPOK|P:3.5x
d35	POK,pPOK|P:3.5x	nl_nv	POK,pNOK,pPOK|P:3.5x
d35	POK,pPOK|P:3.5x	nl_str	POK,pPOK|P:3.5x
d35	POK,pPOK|P:3.5xx	catx	POK,pPOK|P:3.5xxx
d35	POK,pPOK|P:3.5xx	cl_iv	POK,pIOK,pNOK,pPOK|P:3.5xx
d35	POK,pPOK|P:3.5xx	cl_nv	POK,pNOK,pPOK|P:3.5xx
d35	POK,pPOK|P:3.5xx	copy	POK,pPOK|P:3.5xx
d35	POK,pPOK|P:3.5xx	de_add	POK,pIOK,pNOK,pPOK|P:3.5xx
d35	POK,pPOK|P:3.5xx	de_iv	POK,pIOK,pNOK,pPOK|P:3.5xx
d35	POK,pPOK|P:3.5xx	de_nv	POK,pNOK,pPOK|P:3.5xx
d35	POK,pPOK|P:3.5xx	de_str	POK,pPOK|P:3.5xx
d35	POK,pPOK|P:3.5xx	nl_add	POK,pIOK,pNOK,pPOK|P:3.5xx
d35	POK,pPOK|P:3.5xx	nl_iv	POK,pIOK,pNOK,pPOK|P:3.5xx
d35	POK,pPOK|P:3.5xx	nl_nv	POK,pNOK,pPOK|P:3.5xx
d35	POK,pPOK|P:3.5xx	nl_str	POK,pPOK|P:3.5xx
d35	POK,pPOK|P:3.5xxx	catx	POK,pPOK|P:3.5xxxx
d35	POK,pPOK|P:3.5xxx	cl_iv	POK,pIOK,pNOK,pPOK|P:3.5xxx
d35	POK,pPOK|P:3.5xxx	cl_nv	POK,pNOK,pPOK|P:3.5xxx
d35	POK,pPOK|P:3.5xxx	copy	POK,pPOK|P:3.5xxx
d35	POK,pPOK|P:3.5xxx	de_add	POK,pIOK,pNOK,pPOK|P:3.5xxx
d35	POK,pPOK|P:3.5xxx	de_iv	POK,pIOK,pNOK,pPOK|P:3.5xxx
d35	POK,pPOK|P:3.5xxx	de_nv	POK,pNOK,pPOK|P:3.5xxx
d35	POK,pPOK|P:3.5xxx	de_str	POK,pPOK|P:3.5xxx
d35	POK,pPOK|P:3.5xxx	nl_add	POK,pIOK,pNOK,pPOK|P:3.5xxx
d35	POK,pPOK|P:3.5xxx	nl_iv	POK,pIOK,pNOK,pPOK|P:3.5xxx
d35	POK,pPOK|P:3.5xxx	nl_nv	POK,pNOK,pPOK|P:3.5xxx
d35	POK,pPOK|P:3.5xxx	nl_str	POK,pPOK|P:3.5xxx
e35	POK,pIOK,pNOK,pPOK|P:1e3,5	catx	POK,pPOK|P:1e3,5x
e35	POK,pIOK,pNOK,pPOK|P:1e3,5	cl_iv	POK,pIOK,pNOK,pPOK|P:1e3,5
e35	POK,pIOK,pNOK,pPOK|P:1e3,5	cl_nv	POK,pIOK,pNOK,pPOK|P:1e3,5
e35	POK,pIOK,pNOK,pPOK|P:1e3,5	copy	POK,pIOK,pNOK,pPOK|P:1e3,5
e35	POK,pIOK,pNOK,pPOK|P:1e3,5	de_add	POK,pIOK,pNOK,pPOK|P:1e3,5
e35	POK,pIOK,pNOK,pPOK|P:1e3,5	de_iv	POK,pIOK,pNOK,pPOK|P:1e3,5
e35	POK,pIOK,pNOK,pPOK|P:1e3,5	de_nv	POK,pIOK,pNOK,pPOK|P:1e3,5
e35	POK,pIOK,pNOK,pPOK|P:1e3,5	de_str	POK,pIOK,pNOK,pPOK|P:1e3,5
e35	POK,pIOK,pNOK,pPOK|P:1e3,5	nl_add	POK,pIOK,pNOK,pPOK|P:1e3,5
e35	POK,pIOK,pNOK,pPOK|P:1e3,5	nl_iv	POK,pIOK,pNOK,pPOK|P:1e3,5
e35	POK,pIOK,pNOK,pPOK|P:1e3,5	nl_nv	POK,pIOK,pNOK,pPOK|P:1e3,5
e35	POK,pIOK,pNOK,pPOK|P:1e3,5	nl_str	POK,pIOK,pNOK,pPOK|P:1e3,5
e35	POK,pIOK,pNOK,pPOK|P:1e3,5x	catx	POK,pIOK,pNOK,pPOK|P:1e3,5xx
e35	POK,pIOK,pNOK,pPOK|P:1e3,5x	cl_iv	POK,pIOK,pNOK,pPOK|P:1e3,5x
e35	POK,pIOK,pNOK,pPOK|P:1e3,5x	cl_nv	POK,pIOK,pNOK,pPOK|P:1e3,5x
e35	POK,pIOK,pNOK,pPOK|P:1e3,5x	copy	POK,pIOK,pNOK,pPOK|P:1e3,5x
e35	POK,pIOK,pNOK,pPOK|P:1e3,5x	de_add	POK,pIOK,pNOK,pPOK|P:1e3,5x
e35	POK,pIOK,pNOK,pPOK|P:1e3,5x	de_iv	POK,pIOK,pNOK,pPOK|P:1e3,5x
e35	POK,pIOK,pNOK,pPOK|P:1e3,5x	de_nv	POK,pIOK,pNOK,pPOK|P:1e3,5x
e35	POK,pIOK,pNOK,pPOK|P:1e3,5x	de_str	POK,pIOK,pNOK,pPOK|P:1e3,5x
e35	POK,pIOK,pNOK,pPOK|P:1e3,5x	nl_add	POK,pIOK,pNOK,pPOK|P:1e3,5x
e35	POK,pIOK,pNOK,pPOK|P:1e3,5x	nl_iv	POK,pIOK,pNOK,pPOK|P:1e3,5x
e35	POK,pIOK,pNOK,pPOK|P:1e3,5x	nl_nv	POK,pIOK,pNOK,pPOK|P:1e3,5x
e35	POK,pIOK,pNOK,pPOK|P:1e3,5x	nl_str	POK,pIOK,pNOK,pPOK|P:1e3,5x
e35	POK,pIOK,pNOK,pPOK|P:1e3,5xx	catx	POK,pIOK,pNOK,pPOK|P:1e3,5xxx
e35	POK,pIOK,pNOK,pPOK|P:1e3,5xx	cl_iv	POK,pIOK,pNOK,pPOK|P:1e3,5xx
e35	POK,pIOK,pNOK,pPOK|P:1e3,5xx	cl_nv	POK,pIOK,pNOK,pPOK|P:1e3,5xx
e35	POK,pIOK,pNOK,pPOK|P:1e3,5xx	copy	POK,pIOK,pNOK,pPOK|P:1e3,5xx
e35	POK,pIOK,pNOK,pPOK|P:1e3,5xx	de_add	POK,pIOK,pNOK,pPOK|P:1e3,5xx
e35	POK,pIOK,pNOK,pPOK|P:1e3,5xx	de_iv	POK,pIOK,pNOK,pPOK|P:1e3,5xx
e35	POK,pIOK,pNOK,pPOK|P:1e3,5xx	de_nv	POK,pIOK,pNOK,pPOK|P:1e3,5xx
e35	POK,pIOK,pNOK,pPOK|P:1e3,5xx	de_str	POK,pIOK,pNOK,pPOK|P:1e3,5xx
e35	POK,pIOK,pNOK,pPOK|P:1e3,5xx	nl_add	POK,pIOK,pNOK,pPOK|P:1e3,5xx
e35	POK,pIOK,pNOK,pPOK|P:1e3,5xx	nl_iv	POK,pIOK,pNOK,pPOK|P:1e3,5xx
e35	POK,pIOK,pNOK,pPOK|P:1e3,5xx	nl_nv	POK,pIOK,pNOK,pPOK|P:1e3,5xx
e35	POK,pIOK,pNOK,pPOK|P:1e3,5xx	nl_str	POK,pIOK,pNOK,pPOK|P:1e3,5xx
e35	POK,pNOK,pPOK|P:1e3,5	catx	POK,pPOK|P:1e3,5x
e35	POK,pNOK,pPOK|P:1e3,5	cl_iv	POK,pIOK,pNOK,pPOK|P:1e3,5
e35	POK,pNOK,pPOK|P:1e3,5	cl_nv	POK,pNOK,pPOK|P:1e3,5
e35	POK,pNOK,pPOK|P:1e3,5	copy	POK,pNOK,pPOK|P:1e3,5
e35	POK,pNOK,pPOK|P:1e3,5	de_add	POK,pIOK,pNOK,pPOK|P:1e3,5
e35	POK,pNOK,pPOK|P:1e3,5	de_iv	POK,pIOK,pNOK,pPOK|P:1e3,5
e35	POK,pNOK,pPOK|P:1e3,5	de_nv	POK,pNOK,pPOK|P:1e3,5
e35	POK,pNOK,pPOK|P:1e3,5	de_str	POK,pNOK,pPOK|P:1e3,5
e35	POK,pNOK,pPOK|P:1e3,5	nl_add	POK,pIOK,pNOK,pPOK|P:1e3,5
e35	POK,pNOK,pPOK|P:1e3,5	nl_iv	POK,pIOK,pNOK,pPOK|P:1e3,5
e35	POK,pNOK,pPOK|P:1e3,5	nl_nv	POK,pNOK,pPOK|P:1e3,5
e35	POK,pNOK,pPOK|P:1e3,5	nl_str	POK,pNOK,pPOK|P:1e3,5
e35	POK,pNOK,pPOK|P:1e3,5x	catx	POK,pNOK,pPOK|P:1e3,5xx
e35	POK,pNOK,pPOK|P:1e3,5x	cl_iv	POK,pIOK,pNOK,pPOK|P:1e3,5x
e35	POK,pNOK,pPOK|P:1e3,5x	cl_nv	POK,pNOK,pPOK|P:1e3,5x
e35	POK,pNOK,pPOK|P:1e3,5x	copy	POK,pNOK,pPOK|P:1e3,5x
e35	POK,pNOK,pPOK|P:1e3,5x	de_add	POK,pIOK,pNOK,pPOK|P:1e3,5x
e35	POK,pNOK,pPOK|P:1e3,5x	de_iv	POK,pIOK,pNOK,pPOK|P:1e3,5x
e35	POK,pNOK,pPOK|P:1e3,5x	de_nv	POK,pNOK,pPOK|P:1e3,5x
e35	POK,pNOK,pPOK|P:1e3,5x	de_str	POK,pNOK,pPOK|P:1e3,5x
e35	POK,pNOK,pPOK|P:1e3,5x	nl_add	POK,pIOK,pNOK,pPOK|P:1e3,5x
e35	POK,pNOK,pPOK|P:1e3,5x	nl_iv	POK,pIOK,pNOK,pPOK|P:1e3,5x
e35	POK,pNOK,pPOK|P:1e3,5x	nl_nv	POK,pNOK,pPOK|P:1e3,5x
e35	POK,pNOK,pPOK|P:1e3,5x	nl_str	POK,pNOK,pPOK|P:1e3,5x
e35	POK,pNOK,pPOK|P:1e3,5xx	catx	POK,pNOK,pPOK|P:1e3,5xxx
e35	POK,pNOK,pPOK|P:1e3,5xx	cl_iv	POK,pIOK,pNOK,pPOK|P:1e3,5xx
e35	POK,pNOK,pPOK|P:1e3,5xx	cl_nv	POK,pNOK,pPOK|P:1e3,5xx
e35	POK,pNOK,pPOK|P:1e3,5xx	copy	POK,pNOK,pPOK|P:1e3,5xx
e35	POK,pNOK,pPOK|P:1e3,5xx	de_add	POK,pIOK,pNOK,pPOK|P:1e3,5xx
e35	POK,pNOK,pPOK|P:1e3,5xx	de_iv	POK,pIOK,pNOK,pPOK|P:1e3,5xx
e35	POK,pNOK,pPOK|P:1e3,5xx	de_nv	POK,pNOK,pPOK|P:1e3,5xx
e35	POK,pNOK,pPOK|P:1e3,5xx	de_str	POK,pNOK,pPOK|P:1e3,5xx
e35	POK,pNOK,pPOK|P:1e3,5xx	nl_add	POK,pIOK,pNOK,pPOK|P:1e3,5xx
e35	POK,pNOK,pPOK|P:1e3,5xx	nl_iv	POK,pIOK,pNOK,pPOK|P:1e3,5xx
e35	POK,pNOK,pPOK|P:1e3,5xx	nl_nv	POK,pNOK,pPOK|P:1e3,5xx
e35	POK,pNOK,pPOK|P:1e3,5xx	nl_str	POK,pNOK,pPOK|P:1e3,5xx
e35	POK,pPOK|P:1e3,5	catx	POK,pPOK|P:1e3,5x
e35	POK,pPOK|P:1e3,5	cl_iv	POK,pIOK,pNOK,pPOK|P:1e3,5
e35	POK,pPOK|P:1e3,5	cl_nv	POK,pNOK,pPOK|P:1e3,5
e35	POK,pPOK|P:1e3,5	copy	POK,pPOK|P:1e3,5
e35	POK,pPOK|P:1e3,5	de_add	POK,pIOK,pNOK,pPOK|P:1e3,5
e35	POK,pPOK|P:1e3,5	de_iv	POK,pIOK,pNOK,pPOK|P:1e3,5
e35	POK,pPOK|P:1e3,5	de_nv	POK,pNOK,pPOK|P:1e3,5
e35	POK,pPOK|P:1e3,5	de_str	POK,pPOK|P:1e3,5
e35	POK,pPOK|P:1e3,5	nl_add	POK,pIOK,pNOK,pPOK|P:1e3,5
e35	POK,pPOK|P:1e3,5	nl_iv	POK,pIOK,pNOK,pPOK|P:1e3,5
e35	POK,pPOK|P:1e3,5	nl_nv	POK,pNOK,pPOK|P:1e3,5
e35	POK,pPOK|P:1e3,5	nl_str	POK,pPOK|P:1e3,5
e35	POK,pPOK|P:1e3,5x	catx	POK,pPOK|P:1e3,5xx
e35	POK,pPOK|P:1e3,5x	cl_iv	POK,pIOK,pNOK,pPOK|P:1e3,5x
e35	POK,pPOK|P:1e3,5x	cl_nv	POK,pNOK,pPOK|P:1e3,5x
e35	POK,pPOK|P:1e3,5x	copy	POK,pPOK|P:1e3,5x
e35	POK,pPOK|P:1e3,5x	de_add	POK,pIOK,pNOK,pPOK|P:1e3,5x
e35	POK,pPOK|P:1e3,5x	de_iv	POK,pIOK,pNOK,pPOK|P:1e3,5x
e35	POK,pPOK|P:1e3,5x	de_nv	POK,pNOK,pPOK|P:1e3,5x
e35	POK,pPOK|P:1e3,5x	de_str	POK,pPOK|P:1e3,5x
e35	POK,pPOK|P:1e3,5x	nl_add	POK,pIOK,pNOK,pPOK|P:1e3,5x
e35	POK,pPOK|P:1e3,5x	nl_iv	POK,pIOK,pNOK,pPOK|P:1e3,5x
e35	POK,pPOK|P:1e3,5x	nl_nv	POK,pNOK,pPOK|P:1e3,5x
e35	POK,pPOK|P:1e3,5x	nl_str	POK,pPOK|P:1e3,5x
e35	POK,pPOK|P:1e3,5xx	catx	POK,pPOK|P:1e3,5xxx
e35	POK,pPOK|P:1e3,5xx	cl_iv	POK,pIOK,pNOK,pPOK|P:1e3,5xx
e35	POK,pPOK|P:1e3,5xx	cl_nv	POK,pNOK,pPOK|P:1e3,5xx
e35	POK,pPOK|P:1e3,5xx	copy	POK,pPOK|P:1e3,5xx
e35	POK,pPOK|P:1e3,5xx	de_add	POK,pIOK,pNOK,pPOK|P:1e3,5xx
e35	POK,pPOK|P:1e3,5xx	de_iv	POK,pIOK,pNOK,pPOK|P:1e3,5xx
e35	POK,pPOK|P:1e3,5xx	de_nv	POK,pNOK,pPOK|P:1e3,5xx
e35	POK,pPOK|P:1e3,5xx	de_str	POK,pPOK|P:1e3,5xx
e35	POK,pPOK|P:1e3,5xx	nl_add	POK,pIOK,pNOK,pPOK|P:1e3,5xx
e35	POK,pPOK|P:1e3,5xx	nl_iv	POK,pIOK,pNOK,pPOK|P:1e3,5xx
e35	POK,pPOK|P:1e3,5xx	nl_nv	POK,pNOK,pPOK|P:1e3,5xx
e35	POK,pPOK|P:1e3,5xx	nl_str	POK,pPOK|P:1e3,5xx
e35	POK,pPOK|P:1e3,5xxx	catx	POK,pPOK|P:1e3,5xxxx
e35	POK,pPOK|P:1e3,5xxx	cl_iv	POK,pIOK,pNOK,pPOK|P:1e3,5xxx
e35	POK,pPOK|P:1e3,5xxx	cl_nv	POK,pNOK,pPOK|P:1e3,5xxx
e35	POK,pPOK|P:1e3,5xxx	copy	POK,pPOK|P:1e3,5xxx
e35	POK,pPOK|P:1e3,5xxx	de_add	POK,pIOK,pNOK,pPOK|P:1e3,5xxx
e35	POK,pPOK|P:1e3,5xxx	de_iv	POK,pIOK,pNOK,pPOK|P:1e3,5xxx
e35	POK,pPOK|P:1e3,5xxx	de_nv	POK,pNOK,pPOK|P:1e3,5xxx
e35	POK,pPOK|P:1e3,5xxx	de_str	POK,pPOK|P:1e3,5xxx
e35	POK,pPOK|P:1e3,5xxx	nl_add	POK,pIOK,pNOK,pPOK|P:1e3,5xxx
e35	POK,pPOK|P:1e3,5xxx	nl_iv	POK,pIOK,pNOK,pPOK|P:1e3,5xxx
e35	POK,pPOK|P:1e3,5xxx	nl_nv	POK,pNOK,pPOK|P:1e3,5xxx
e35	POK,pPOK|P:1e3,5xxx	nl_str	POK,pPOK|P:1e3,5xxx
f35	NOK,pIOK,pNOK|N:3.5	catx	POK,pPOK|P:3.5x
f35	NOK,pIOK,pNOK|N:3.5	cl_iv	NOK,pIOK,pNOK|N:3.5
f35	NOK,pIOK,pNOK|N:3.5	cl_nv	NOK,pIOK,pNOK|N:3.5
f35	NOK,pIOK,pNOK|N:3.5	copy	NOK,pIOK,pNOK|N:3.5
f35	NOK,pIOK,pNOK|N:3.5	de_add	NOK,pIOK,pNOK|N:3.5
f35	NOK,pIOK,pNOK|N:3.5	de_iv	NOK,pIOK,pNOK|N:3.5
f35	NOK,pIOK,pNOK|N:3.5	de_nv	NOK,pIOK,pNOK|N:3.5
f35	NOK,pIOK,pNOK|N:3.5	de_str	NOK,pIOK,pNOK|N:3.5
f35	NOK,pIOK,pNOK|N:3.5	nl_add	NOK,pIOK,pNOK|N:3.5
f35	NOK,pIOK,pNOK|N:3.5	nl_iv	NOK,pIOK,pNOK|N:3.5
f35	NOK,pIOK,pNOK|N:3.5	nl_nv	NOK,pIOK,pNOK|N:3.5
f35	NOK,pIOK,pNOK|N:3.5	nl_str	NOK,pIOK,pNOK|N:3.5
f35	NOK,pNOK|N:3.5	catx	POK,pPOK|P:3.5x
f35	NOK,pNOK|N:3.5	cl_iv	NOK,pIOK,pNOK|N:3.5
f35	NOK,pNOK|N:3.5	cl_nv	NOK,pNOK|N:3.5
f35	NOK,pNOK|N:3.5	copy	NOK,pNOK|N:3.5
f35	NOK,pNOK|N:3.5	de_add	NOK,pIOK,pNOK|N:3.5
f35	NOK,pNOK|N:3.5	de_iv	NOK,pIOK,pNOK|N:3.5
f35	NOK,pNOK|N:3.5	de_nv	NOK,pNOK|N:3.5
f35	NOK,pNOK|N:3.5	de_str	NOK,pNOK|N:3.5
f35	NOK,pNOK|N:3.5	nl_add	NOK,pIOK,pNOK|N:3.5
f35	NOK,pNOK|N:3.5	nl_iv	NOK,pIOK,pNOK|N:3.5
f35	NOK,pNOK|N:3.5	nl_nv	NOK,pNOK|N:3.5
f35	NOK,pNOK|N:3.5	nl_str	NOK,pNOK|N:3.5
f35	POK,pIOK,pNOK,pPOK|P:3.5x	catx	POK,pIOK,pNOK,pPOK|P:3.5xx
f35	POK,pIOK,pNOK,pPOK|P:3.5x	cl_iv	POK,pIOK,pNOK,pPOK|P:3.5x
f35	POK,pIOK,pNOK,pPOK|P:3.5x	cl_nv	POK,pIOK,pNOK,pPOK|P:3.5x
f35	POK,pIOK,pNOK,pPOK|P:3.5x	copy	POK,pIOK,pNOK,pPOK|P:3.5x
f35	POK,pIOK,pNOK,pPOK|P:3.5x	de_add	POK,pIOK,pNOK,pPOK|P:3.5x
f35	POK,pIOK,pNOK,pPOK|P:3.5x	de_iv	POK,pIOK,pNOK,pPOK|P:3.5x
f35	POK,pIOK,pNOK,pPOK|P:3.5x	de_nv	POK,pIOK,pNOK,pPOK|P:3.5x
f35	POK,pIOK,pNOK,pPOK|P:3.5x	de_str	POK,pIOK,pNOK,pPOK|P:3.5x
f35	POK,pIOK,pNOK,pPOK|P:3.5x	nl_add	POK,pIOK,pNOK,pPOK|P:3.5x
f35	POK,pIOK,pNOK,pPOK|P:3.5x	nl_iv	POK,pIOK,pNOK,pPOK|P:3.5x
f35	POK,pIOK,pNOK,pPOK|P:3.5x	nl_nv	POK,pIOK,pNOK,pPOK|P:3.5x
f35	POK,pIOK,pNOK,pPOK|P:3.5x	nl_str	POK,pIOK,pNOK,pPOK|P:3.5x
f35	POK,pIOK,pNOK,pPOK|P:3.5xx	catx	POK,pIOK,pNOK,pPOK|P:3.5xxx
f35	POK,pIOK,pNOK,pPOK|P:3.5xx	cl_iv	POK,pIOK,pNOK,pPOK|P:3.5xx
f35	POK,pIOK,pNOK,pPOK|P:3.5xx	cl_nv	POK,pIOK,pNOK,pPOK|P:3.5xx
f35	POK,pIOK,pNOK,pPOK|P:3.5xx	copy	POK,pIOK,pNOK,pPOK|P:3.5xx
f35	POK,pIOK,pNOK,pPOK|P:3.5xx	de_add	POK,pIOK,pNOK,pPOK|P:3.5xx
f35	POK,pIOK,pNOK,pPOK|P:3.5xx	de_iv	POK,pIOK,pNOK,pPOK|P:3.5xx
f35	POK,pIOK,pNOK,pPOK|P:3.5xx	de_nv	POK,pIOK,pNOK,pPOK|P:3.5xx
f35	POK,pIOK,pNOK,pPOK|P:3.5xx	de_str	POK,pIOK,pNOK,pPOK|P:3.5xx
f35	POK,pIOK,pNOK,pPOK|P:3.5xx	nl_add	POK,pIOK,pNOK,pPOK|P:3.5xx
f35	POK,pIOK,pNOK,pPOK|P:3.5xx	nl_iv	POK,pIOK,pNOK,pPOK|P:3.5xx
f35	POK,pIOK,pNOK,pPOK|P:3.5xx	nl_nv	POK,pIOK,pNOK,pPOK|P:3.5xx
f35	POK,pIOK,pNOK,pPOK|P:3.5xx	nl_str	POK,pIOK,pNOK,pPOK|P:3.5xx
f35	POK,pNOK,pPOK|P:3.5x	catx	POK,pNOK,pPOK|P:3.5xx
f35	POK,pNOK,pPOK|P:3.5x	cl_iv	POK,pIOK,pNOK,pPOK|P:3.5x
f35	POK,pNOK,pPOK|P:3.5x	cl_nv	POK,pNOK,pPOK|P:3.5x
f35	POK,pNOK,pPOK|P:3.5x	copy	POK,pNOK,pPOK|P:3.5x
f35	POK,pNOK,pPOK|P:3.5x	de_add	POK,pIOK,pNOK,pPOK|P:3.5x
f35	POK,pNOK,pPOK|P:3.5x	de_iv	POK,pIOK,pNOK,pPOK|P:3.5x
f35	POK,pNOK,pPOK|P:3.5x	de_nv	POK,pNOK,pPOK|P:3.5x
f35	POK,pNOK,pPOK|P:3.5x	de_str	POK,pNOK,pPOK|P:3.5x
f35	POK,pNOK,pPOK|P:3.5x	nl_add	POK,pIOK,pNOK,pPOK|P:3.5x
f35	POK,pNOK,pPOK|P:3.5x	nl_iv	POK,pIOK,pNOK,pPOK|P:3.5x
f35	POK,pNOK,pPOK|P:3.5x	nl_nv	POK,pNOK,pPOK|P:3.5x
f35	POK,pNOK,pPOK|P:3.5x	nl_str	POK,pNOK,pPOK|P:3.5x
f35	POK,pNOK,pPOK|P:3.5xx	catx	POK,pNOK,pPOK|P:3.5xxx
f35	POK,pNOK,pPOK|P:3.5xx	cl_iv	POK,pIOK,pNOK,pPOK|P:3.5xx
f35	POK,pNOK,pPOK|P:3.5xx	cl_nv	POK,pNOK,pPOK|P:3.5xx
f35	POK,pNOK,pPOK|P:3.5xx	copy	POK,pNOK,pPOK|P:3.5xx
f35	POK,pNOK,pPOK|P:3.5xx	de_add	POK,pIOK,pNOK,pPOK|P:3.5xx
f35	POK,pNOK,pPOK|P:3.5xx	de_iv	POK,pIOK,pNOK,pPOK|P:3.5xx
f35	POK,pNOK,pPOK|P:3.5xx	de_nv	POK,pNOK,pPOK|P:3.5xx
f35	POK,pNOK,pPOK|P:3.5xx	de_str	POK,pNOK,pPOK|P:3.5xx
f35	POK,pNOK,pPOK|P:3.5xx	nl_add	POK,pIOK,pNOK,pPOK|P:3.5xx
f35	POK,pNOK,pPOK|P:3.5xx	nl_iv	POK,pIOK,pNOK,pPOK|P:3.5xx
f35	POK,pNOK,pPOK|P:3.5xx	nl_nv	POK,pNOK,pPOK|P:3.5xx
f35	POK,pNOK,pPOK|P:3.5xx	nl_str	POK,pNOK,pPOK|P:3.5xx
f35	POK,pPOK|P:3.5x	catx	POK,pPOK|P:3.5xx
f35	POK,pPOK|P:3.5x	cl_iv	POK,pIOK,pNOK,pPOK|P:3.5x
f35	POK,pPOK|P:3.5x	cl_nv	POK,pNOK,pPOK|P:3.5x
f35	POK,pPOK|P:3.5x	copy	POK,pPOK|P:3.5x
f35	POK,pPOK|P:3.5x	de_add	POK,pIOK,pNOK,pPOK|P:3.5x
f35	POK,pPOK|P:3.5x	de_iv	POK,pIOK,pNOK,pPOK|P:3.5x
f35	POK,pPOK|P:3.5x	de_nv	POK,pNOK,pPOK|P:3.5x
f35	POK,pPOK|P:3.5x	de_str	POK,pPOK|P:3.5x
f35	POK,pPOK|P:3.5x	nl_add	POK,pIOK,pNOK,pPOK|P:3.5x
f35	POK,pPOK|P:3.5x	nl_iv	POK,pIOK,pNOK,pPOK|P:3.5x
f35	POK,pPOK|P:3.5x	nl_nv	POK,pNOK,pPOK|P:3.5x
f35	POK,pPOK|P:3.5x	nl_str	POK,pPOK|P:3.5x
f35	POK,pPOK|P:3.5xx	catx	POK,pPOK|P:3.5xxx
f35	POK,pPOK|P:3.5xx	cl_iv	POK,pIOK,pNOK,pPOK|P:3.5xx
f35	POK,pPOK|P:3.5xx	cl_nv	POK,pNOK,pPOK|P:3.5xx
f35	POK,pPOK|P:3.5xx	copy	POK,pPOK|P:3.5xx
f35	POK,pPOK|P:3.5xx	de_add	POK,pIOK,pNOK,pPOK|P:3.5xx
f35	POK,pPOK|P:3.5xx	de_iv	POK,pIOK,pNOK,pPOK|P:3.5xx
f35	POK,pPOK|P:3.5xx	de_nv	POK,pNOK,pPOK|P:3.5xx
f35	POK,pPOK|P:3.5xx	de_str	POK,pPOK|P:3.5xx
f35	POK,pPOK|P:3.5xx	nl_add	POK,pIOK,pNOK,pPOK|P:3.5xx
f35	POK,pPOK|P:3.5xx	nl_iv	POK,pIOK,pNOK,pPOK|P:3.5xx
f35	POK,pPOK|P:3.5xx	nl_nv	POK,pNOK,pPOK|P:3.5xx
f35	POK,pPOK|P:3.5xx	nl_str	POK,pPOK|P:3.5xx
f35	POK,pPOK|P:3.5xxx	catx	POK,pPOK|P:3.5xxxx
f35	POK,pPOK|P:3.5xxx	cl_iv	POK,pIOK,pNOK,pPOK|P:3.5xxx
f35	POK,pPOK|P:3.5xxx	cl_nv	POK,pNOK,pPOK|P:3.5xxx
f35	POK,pPOK|P:3.5xxx	copy	POK,pPOK|P:3.5xxx
f35	POK,pPOK|P:3.5xxx	de_add	POK,pIOK,pNOK,pPOK|P:3.5xxx
f35	POK,pPOK|P:3.5xxx	de_iv	POK,pIOK,pNOK,pPOK|P:3.5xxx
f35	POK,pPOK|P:3.5xxx	de_nv	POK,pNOK,pPOK|P:3.5xxx
f35	POK,pPOK|P:3.5xxx	de_str	POK,pPOK|P:3.5xxx
f35	POK,pPOK|P:3.5xxx	nl_add	POK,pIOK,pNOK,pPOK|P:3.5xxx
f35	POK,pPOK|P:3.5xxx	nl_iv	POK,pIOK,pNOK,pPOK|P:3.5xxx
f35	POK,pPOK|P:3.5xxx	nl_nv	POK,pNOK,pPOK|P:3.5xxx
f35	POK,pPOK|P:3.5xxx	nl_str	POK,pPOK|P:3.5xxx
s10	IOK,NOK,POK,pIOK,pNOK,pPOK|P:10	catx	POK,pPOK|P:10x
s10	IOK,NOK,POK,pIOK,pNOK,pPOK|P:10	cl_iv	IOK,NOK,POK,pIOK,pNOK,pPOK|P:10
s10	IOK,NOK,POK,pIOK,pNOK,pPOK|P:10	cl_nv	IOK,NOK,POK,pIOK,pNOK,pPOK|P:10
s10	IOK,NOK,POK,pIOK,pNOK,pPOK|P:10	copy	IOK,NOK,POK,pIOK,pNOK,pPOK|P:10
s10	IOK,NOK,POK,pIOK,pNOK,pPOK|P:10	de_add	IOK,NOK,POK,pIOK,pNOK,pPOK|P:10
s10	IOK,NOK,POK,pIOK,pNOK,pPOK|P:10	de_iv	IOK,NOK,POK,pIOK,pNOK,pPOK|P:10
s10	IOK,NOK,POK,pIOK,pNOK,pPOK|P:10	de_nv	IOK,NOK,POK,pIOK,pNOK,pPOK|P:10
s10	IOK,NOK,POK,pIOK,pNOK,pPOK|P:10	de_str	IOK,NOK,POK,pIOK,pNOK,pPOK|P:10
s10	IOK,NOK,POK,pIOK,pNOK,pPOK|P:10	nl_add	IOK,NOK,POK,pIOK,pNOK,pPOK|P:10
s10	IOK,NOK,POK,pIOK,pNOK,pPOK|P:10	nl_iv	IOK,NOK,POK,pIOK,pNOK,pPOK|P:10
s10	IOK,NOK,POK,pIOK,pNOK,pPOK|P:10	nl_nv	IOK,NOK,POK,pIOK,pNOK,pPOK|P:10
s10	IOK,NOK,POK,pIOK,pNOK,pPOK|P:10	nl_str	IOK,NOK,POK,pIOK,pNOK,pPOK|P:10
s10	IOK,POK,pIOK,pPOK|P:10	catx	POK,pPOK|P:10x
s10	IOK,POK,pIOK,pPOK|P:10	cl_iv	IOK,POK,pIOK,pPOK|P:10
s10	IOK,POK,pIOK,pPOK|P:10	cl_nv	IOK,NOK,POK,pIOK,pNOK,pPOK|P:10
s10	IOK,POK,pIOK,pPOK|P:10	copy	IOK,POK,pIOK,pPOK|P:10
s10	IOK,POK,pIOK,pPOK|P:10	de_add	IOK,POK,pIOK,pPOK|P:10
s10	IOK,POK,pIOK,pPOK|P:10	de_iv	IOK,POK,pIOK,pPOK|P:10
s10	IOK,POK,pIOK,pPOK|P:10	de_nv	IOK,NOK,POK,pIOK,pNOK,pPOK|P:10
s10	IOK,POK,pIOK,pPOK|P:10	de_str	IOK,POK,pIOK,pPOK|P:10
s10	IOK,POK,pIOK,pPOK|P:10	nl_add	IOK,POK,pIOK,pPOK|P:10
s10	IOK,POK,pIOK,pPOK|P:10	nl_iv	IOK,POK,pIOK,pPOK|P:10
s10	IOK,POK,pIOK,pPOK|P:10	nl_nv	IOK,NOK,POK,pIOK,pNOK,pPOK|P:10
s10	IOK,POK,pIOK,pPOK|P:10	nl_str	IOK,POK,pIOK,pPOK|P:10
s10	NOK,POK,pNOK,pPOK|P:10	catx	POK,pPOK|P:10x
s10	NOK,POK,pNOK,pPOK|P:10	cl_iv	IOK,NOK,POK,pIOK,pNOK,pPOK|P:10
s10	NOK,POK,pNOK,pPOK|P:10	cl_nv	NOK,POK,pNOK,pPOK|P:10
s10	NOK,POK,pNOK,pPOK|P:10	copy	NOK,POK,pNOK,pPOK|P:10
s10	NOK,POK,pNOK,pPOK|P:10	de_add	IOK,NOK,POK,pIOK,pNOK,pPOK|P:10
s10	NOK,POK,pNOK,pPOK|P:10	de_iv	IOK,NOK,POK,pIOK,pNOK,pPOK|P:10
s10	NOK,POK,pNOK,pPOK|P:10	de_nv	NOK,POK,pNOK,pPOK|P:10
s10	NOK,POK,pNOK,pPOK|P:10	de_str	NOK,POK,pNOK,pPOK|P:10
s10	NOK,POK,pNOK,pPOK|P:10	nl_add	IOK,NOK,POK,pIOK,pNOK,pPOK|P:10
s10	NOK,POK,pNOK,pPOK|P:10	nl_iv	IOK,NOK,POK,pIOK,pNOK,pPOK|P:10
s10	NOK,POK,pNOK,pPOK|P:10	nl_nv	NOK,POK,pNOK,pPOK|P:10
s10	NOK,POK,pNOK,pPOK|P:10	nl_str	NOK,POK,pNOK,pPOK|P:10
s10	POK,pIOK,pNOK,pPOK|P:10x	catx	POK,pIOK,pNOK,pPOK|P:10xx
s10	POK,pIOK,pNOK,pPOK|P:10x	cl_iv	POK,pIOK,pNOK,pPOK|P:10x
s10	POK,pIOK,pNOK,pPOK|P:10x	cl_nv	POK,pIOK,pNOK,pPOK|P:10x
s10	POK,pIOK,pNOK,pPOK|P:10x	copy	POK,pIOK,pNOK,pPOK|P:10x
s10	POK,pIOK,pNOK,pPOK|P:10x	de_add	POK,pIOK,pNOK,pPOK|P:10x
s10	POK,pIOK,pNOK,pPOK|P:10x	de_iv	POK,pIOK,pNOK,pPOK|P:10x
s10	POK,pIOK,pNOK,pPOK|P:10x	de_nv	POK,pIOK,pNOK,pPOK|P:10x
s10	POK,pIOK,pNOK,pPOK|P:10x	de_str	POK,pIOK,pNOK,pPOK|P:10x
s10	POK,pIOK,pNOK,pPOK|P:10x	nl_add	POK,pIOK,pNOK,pPOK|P:10x
s10	POK,pIOK,pNOK,pPOK|P:10x	nl_iv	POK,pIOK,pNOK,pPOK|P:10x
s10	POK,pIOK,pNOK,pPOK|P:10x	nl_nv	POK,pIOK,pNOK,pPOK|P:10x
s10	POK,pIOK,pNOK,pPOK|P:10x	nl_str	POK,pIOK,pNOK,pPOK|P:10x
s10	POK,pIOK,pNOK,pPOK|P:10xx	catx	POK,pIOK,pNOK,pPOK|P:10xxx
s10	POK,pIOK,pNOK,pPOK|P:10xx	cl_iv	POK,pIOK,pNOK,pPOK|P:10xx
s10	POK,pIOK,pNOK,pPOK|P:10xx	cl_nv	POK,pIOK,pNOK,pPOK|P:10xx
s10	POK,pIOK,pNOK,pPOK|P:10xx	copy	POK,pIOK,pNOK,pPOK|P:10xx
s10	POK,pIOK,pNOK,pPOK|P:10xx	de_add	POK,pIOK,pNOK,pPOK|P:10xx
s10	POK,pIOK,pNOK,pPOK|P:10xx	de_iv	POK,pIOK,pNOK,pPOK|P:10xx
s10	POK,pIOK,pNOK,pPOK|P:10xx	de_nv	POK,pIOK,pNOK,pPOK|P:10xx
s10	POK,pIOK,pNOK,pPOK|P:10xx	de_str	POK,pIOK,pNOK,pPOK|P:10xx
s10	POK,pIOK,pNOK,pPOK|P:10xx	nl_add	POK,pIOK,pNOK,pPOK|P:10xx
s10	POK,pIOK,pNOK,pPOK|P:10xx	nl_iv	POK,pIOK,pNOK,pPOK|P:10xx
s10	POK,pIOK,pNOK,pPOK|P:10xx	nl_nv	POK,pIOK,pNOK,pPOK|P:10xx
s10	POK,pIOK,pNOK,pPOK|P:10xx	nl_str	POK,pIOK,pNOK,pPOK|P:10xx
s10	POK,pNOK,pPOK|P:10x	catx	POK,pNOK,pPOK|P:10xx
s10	POK,pNOK,pPOK|P:10x	cl_iv	POK,pIOK,pNOK,pPOK|P:10x
s10	POK,pNOK,pPOK|P:10x	cl_nv	POK,pNOK,pPOK|P:10x
s10	POK,pNOK,pPOK|P:10x	copy	POK,pNOK,pPOK|P:10x
s10	POK,pNOK,pPOK|P:10x	de_add	POK,pIOK,pNOK,pPOK|P:10x
s10	POK,pNOK,pPOK|P:10x	de_iv	POK,pIOK,pNOK,pPOK|P:10x
s10	POK,pNOK,pPOK|P:10x	de_nv	POK,pNOK,pPOK|P:10x
s10	POK,pNOK,pPOK|P:10x	de_str	POK,pNOK,pPOK|P:10x
s10	POK,pNOK,pPOK|P:10x	nl_add	POK,pIOK,pNOK,pPOK|P:10x
s10	POK,pNOK,pPOK|P:10x	nl_iv	POK,pIOK,pNOK,pPOK|P:10x
s10	POK,pNOK,pPOK|P:10x	nl_nv	POK,pNOK,pPOK|P:10x
s10	POK,pNOK,pPOK|P:10x	nl_str	POK,pNOK,pPOK|P:10x
s10	POK,pNOK,pPOK|P:10xx	catx	POK,pNOK,pPOK|P:10xxx
s10	POK,pNOK,pPOK|P:10xx	cl_iv	POK,pIOK,pNOK,pPOK|P:10xx
s10	POK,pNOK,pPOK|P:10xx	cl_nv	POK,pNOK,pPOK|P:10xx
s10	POK,pNOK,pPOK|P:10xx	copy	POK,pNOK,pPOK|P:10xx
s10	POK,pNOK,pPOK|P:10xx	de_add	POK,pIOK,pNOK,pPOK|P:10xx
s10	POK,pNOK,pPOK|P:10xx	de_iv	POK,pIOK,pNOK,pPOK|P:10xx
s10	POK,pNOK,pPOK|P:10xx	de_nv	POK,pNOK,pPOK|P:10xx
s10	POK,pNOK,pPOK|P:10xx	de_str	POK,pNOK,pPOK|P:10xx
s10	POK,pNOK,pPOK|P:10xx	nl_add	POK,pIOK,pNOK,pPOK|P:10xx
s10	POK,pNOK,pPOK|P:10xx	nl_iv	POK,pIOK,pNOK,pPOK|P:10xx
s10	POK,pNOK,pPOK|P:10xx	nl_nv	POK,pNOK,pPOK|P:10xx
s10	POK,pNOK,pPOK|P:10xx	nl_str	POK,pNOK,pPOK|P:10xx
s10	POK,pPOK|P:10	catx	POK,pPOK|P:10x
s10	POK,pPOK|P:10	cl_iv	IOK,POK,pIOK,pPOK|P:10
s10	POK,pPOK|P:10	cl_nv	NOK,POK,pNOK,pPOK|P:10
s10	POK,pPOK|P:10	copy	POK,pPOK|P:10
s10	POK,pPOK|P:10	de_add	IOK,POK,pIOK,pPOK|P:10
s10	POK,pPOK|P:10	de_iv	IOK,POK,pIOK,pPOK|P:10
s10	POK,pPOK|P:10	de_nv	NOK,POK,pNOK,pPOK|P:10
s10	POK,pPOK|P:10	de_str	POK,pPOK|P:10
s10	POK,pPOK|P:10	nl_add	IOK,POK,pIOK,pPOK|P:10
s10	POK,pPOK|P:10	nl_iv	IOK,POK,pIOK,pPOK|P:10
s10	POK,pPOK|P:10	nl_nv	NOK,POK,pNOK,pPOK|P:10
s10	POK,pPOK|P:10	nl_str	POK,pPOK|P:10
s10	POK,pPOK|P:10x	catx	POK,pPOK|P:10xx
s10	POK,pPOK|P:10x	cl_iv	POK,pIOK,pNOK,pPOK|P:10x
s10	POK,pPOK|P:10x	cl_nv	POK,pNOK,pPOK|P:10x
s10	POK,pPOK|P:10x	copy	POK,pPOK|P:10x
s10	POK,pPOK|P:10x	de_add	POK,pIOK,pNOK,pPOK|P:10x
s10	POK,pPOK|P:10x	de_iv	POK,pIOK,pNOK,pPOK|P:10x
s10	POK,pPOK|P:10x	de_nv	POK,pNOK,pPOK|P:10x
s10	POK,pPOK|P:10x	de_str	POK,pPOK|P:10x
s10	POK,pPOK|P:10x	nl_add	POK,pIOK,pNOK,pPOK|P:10x
s10	POK,pPOK|P:10x	nl_iv	POK,pIOK,pNOK,pPOK|P:10x
s10	POK,pPOK|P:10x	nl_nv	POK,pNOK,pPOK|P:10x
s10	POK,pPOK|P:10x	nl_str	POK,pPOK|P:10x
s10	POK,pPOK|P:10xx	catx	POK,pPOK|P:10xxx
s10	POK,pPOK|P:10xx	cl_iv	POK,pIOK,pNOK,pPOK|P:10xx
s10	POK,pPOK|P:10xx	cl_nv	POK,pNOK,pPOK|P:10xx
s10	POK,pPOK|P:10xx	copy	POK,pPOK|P:10xx
s10	POK,pPOK|P:10xx	de_add	POK,pIOK,pNOK,pPOK|P:10xx
s10	POK,pPOK|P:10xx	de_iv	POK,pIOK,pNOK,pPOK|P:10xx
s10	POK,pPOK|P:10xx	de_nv	POK,pNOK,pPOK|P:10xx
s10	POK,pPOK|P:10xx	de_str	POK,pPOK|P:10xx
s10	POK,pPOK|P:10xx	nl_add	POK,pIOK,pNOK,pPOK|P:10xx
s10	POK,pPOK|P:10xx	nl_iv	POK,pIOK,pNOK,pPOK|P:10xx
s10	POK,pPOK|P:10xx	nl_nv	POK,pNOK,pPOK|P:10xx
s10	POK,pPOK|P:10xx	nl_str	POK,pPOK|P:10xx
s10	POK,pPOK|P:10xxx	catx	POK,pPOK|P:10xxxx
s10	POK,pPOK|P:10xxx	cl_iv	POK,pIOK,pNOK,pPOK|P:10xxx
s10	POK,pPOK|P:10xxx	cl_nv	POK,pNOK,pPOK|P:10xxx
s10	POK,pPOK|P:10xxx	copy	POK,pPOK|P:10xxx
s10	POK,pPOK|P:10xxx	de_add	POK,pIOK,pNOK,pPOK|P:10xxx
s10	POK,pPOK|P:10xxx	de_iv	POK,pIOK,pNOK,pPOK|P:10xxx
s10	POK,pPOK|P:10xxx	de_nv	POK,pNOK,pPOK|P:10xxx
s10	POK,pPOK|P:10xxx	de_str	POK,pPOK|P:10xxx
s10	POK,pPOK|P:10xxx	nl_add	POK,pIOK,pNOK,pPOK|P:10xxx
s10	POK,pPOK|P:10xxx	nl_iv	POK,pIOK,pNOK,pPOK|P:10xxx
s10	POK,pPOK|P:10xxx	nl_nv	POK,pNOK,pPOK|P:10xxx
s10	POK,pPOK|P:10xxx	nl_str	POK,pPOK|P:10xxx
