alias/pkg/bare/none/ok/d1	T=|I=a:b:a|F=10|X=-|Q=/	T=|I=a:b:a|F=10|X=-|Q=/
alias/pkg/bare/none/dieB/d1	T=|I=a:b:a|F=10|X=-|Q=B/	T=|I=a:b:a|F=10|X=-|Q=B/
alias/pkg/bare/preref/ok/d1	T=|I=a:b:a|F=77|X=-|Q=/	T=|I=a:b:a|F=77|X=-|Q=/
alias/pkg/bare/preref/dieB/d1	T=|I=a:b:a|F=77|X=-|Q=B/	T=|I=a:b:a|F=77|X=-|Q=B/
alias/pkg/assign/none/ok/d1	T=|I=a:b:a|F=10|X=-|Q=/	T=|I=a:b:a|F=10|X=-|Q=/
alias/pkg/assign/none/dieB/d1	T=|I=a:b:a|F=10|X=-|Q=B/	T=|I=a:b:a|F=10|X=-|Q=B/
alias/pkg/assign/none/dieD/d1	T=X:V|I=a:b:a|F=10|X=-|Q=/	T=X:V|I=a:b:a|F=10|X=-|Q=/
alias/pkg/assign/preref/ok/d1	T=|I=a:b:a|F=77|X=-|Q=/	T=|I=a:b:a|F=77|X=-|Q=/
alias/pkg/assign/preref/dieB/d1	T=|I=a:b:a|F=77|X=-|Q=B/	T=|I=a:b:a|F=77|X=-|Q=B/
alias/pkg/assign/preref/dieD/d1	T=X:V|I=a:b:a|F=77|X=-|Q=/	T=X:V|I=a:b:a|F=77|X=-|Q=/
alias/pkg/self/none/ok/d1	T=|I=a:b:a|F=10|X=-|Q=/	T=|I=a:b:a|F=10|X=-|Q=/
alias/pkg/self/none/dieB/d1	T=|I=a:b:a|F=10|X=-|Q=B/	T=|I=a:b:a|F=10|X=-|Q=B/
alias/pkg/self/preref/ok/d1	T=|I=a:b:a|F=77|X=-|Q=/	T=|I=a:b:a|F=77|X=-|Q=/
alias/pkg/self/preref/dieB/d1	T=|I=a:b:a|F=77|X=-|Q=B/	T=|I=a:b:a|F=77|X=-|Q=B/
alias/glob/bare/none/ok/d1	T=|I=a:b:a|F=10|X=-|Q=/	T=|I=a:b:a|F=10|X=-|Q=/
alias/glob/bare/none/dieB/d1	T=|I=a:b:a|F=10|X=-|Q=B/	T=|I=a:b:a|F=10|X=-|Q=B/
alias/glob/assign/none/ok/d1	T=|I=a:b:a|F=10|X=-|Q=/	T=|I=a:b:a|F=10|X=-|Q=/
alias/glob/assign/none/dieB/d1	T=|I=a:b:a|F=10|X=-|Q=B/	T=|I=a:b:a|F=10|X=-|Q=B/
alias/glob/self/none/ok/d1	T=|I=a:a:a|F=10|X=-|Q=/	T=|I=a:a:a|F=10|X=-|Q=/
alias/glob/self/none/dieB/d1	T=|I=a:a:a|F=10|X=-|Q=B/	T=|I=a:a:a|F=10|X=-|Q=B/
mrs/pkg/bare/none/ok/d1	T=|I=a:b:a|F=10|X=-|Q=/	T=|I=a:b:a|F=10|X=-|Q=/
mrs/pkg/bare/none/dieB/d1	T=|I=a:b:a|F=10|X=-|Q=B/	T=|I=a:b:a|F=10|X=-|Q=B/
mrs/pkg/bare/preref/ok/d1	T=|I=a:b:a|F=77|X=-|Q=/	T=|I=a:b:a|F=77|X=-|Q=/
mrs/pkg/bare/preref/dieB/d1	T=|I=a:b:a|F=77|X=-|Q=B/	T=|I=a:b:a|F=77|X=-|Q=B/
mrs/pkg/assign/none/ok/d1	T=|I=a:b:a|F=10|X=-|Q=/	T=|I=a:b:a|F=10|X=-|Q=/
mrs/pkg/assign/none/dieB/d1	T=|I=a:b:a|F=10|X=-|Q=B/	T=|I=a:b:a|F=10|X=-|Q=B/
mrs/pkg/assign/preref/ok/d1	T=|I=a:b:a|F=77|X=-|Q=/	T=|I=a:b:a|F=77|X=-|Q=/
mrs/pkg/assign/preref/dieB/d1	T=|I=a:b:a|F=77|X=-|Q=B/	T=|I=a:b:a|F=77|X=-|Q=B/
mrs/pkg/self/none/ok/d1	T=|I=a:b:a|F=10|X=-|Q=/	T=|I=a:b:a|F=10|X=-|Q=/
mrs/pkg/self/none/dieB/d1	T=|I=a:b:a|F=10|X=-|Q=B/	T=|I=a:b:a|F=10|X=-|Q=B/
mrs/pkg/self/preref/ok/d1	T=|I=a:b:a|F=77|X=-|Q=/	T=|I=a:b:a|F=77|X=-|Q=/
mrs/pkg/self/preref/dieB/d1	T=|I=a:b:a|F=77|X=-|Q=B/	T=|I=a:b:a|F=77|X=-|Q=B/
mz/pkg/bare/none/ok/d1	T=|I=a:b:a|F=ten|X=-|Q=/	T=|I=a:b:a|F=ten|X=-|Q=/
mz/pkg/bare/none/dieB/d1	T=|I=a:b:a|F=ten|X=-|Q=B/	T=|I=a:b:a|F=ten|X=-|Q=B/
mz/pkg/bare/preref/ok/d1	T=|I=a:b:a|F=77|X=-|Q=/	T=|I=a:b:a|F=77|X=-|Q=/
mz/pkg/bare/preref/dieB/d1	T=|I=a:b:a|F=77|X=-|Q=B/	T=|I=a:b:a|F=77|X=-|Q=B/
mz/pkg/assign/none/ok/d1	T=|I=a:b:a|F=ten|X=-|Q=/	T=|I=a:b:a|F=ten|X=-|Q=/
mz/pkg/assign/none/dieB/d1	T=|I=a:b:a|F=ten|X=-|Q=B/	T=|I=a:b:a|F=ten|X=-|Q=B/
mz/pkg/assign/preref/ok/d1	T=|I=a:b:a|F=77|X=-|Q=/	T=|I=a:b:a|F=77|X=-|Q=/
mz/pkg/assign/preref/dieB/d1	T=|I=a:b:a|F=77|X=-|Q=B/	T=|I=a:b:a|F=77|X=-|Q=B/
mz/pkg/self/none/ok/d1	T=|I=a:b:a|F=ten|X=-|Q=/	T=|I=a:b:a|F=ten|X=-|Q=/
mz/pkg/self/none/dieB/d1	T=|I=a:b:a|F=ten|X=-|Q=B/	T=|I=a:b:a|F=ten|X=-|Q=B/
mz/pkg/self/preref/ok/d1	T=|I=a:b:a|F=77|X=-|Q=/	T=|I=a:b:a|F=77|X=-|Q=/
mz/pkg/self/preref/dieB/d1	T=|I=a:b:a|F=77|X=-|Q=B/	T=|I=a:b:a|F=77|X=-|Q=B/
plain/pkg/bare/none/ok/d1	T=|I=a:b:a|F=10|X=-|Q=/	T=|I=a:b:a|F=10|X=-|Q=/
plain/pkg/bare/none/dieB/d1	T=|I=a:b:a|F=10|X=-|Q=B/	T=|I=a:b:a|F=10|X=-|Q=B/
plain/pkg/bare/preref/ok/d1	T=|I=a:b:a|F=77|X=-|Q=/	T=|I=a:b:a|F=77|X=-|Q=/
plain/pkg/bare/preref/dieB/d1	T=|I=a:b:a|F=77|X=-|Q=B/	T=|I=a:b:a|F=77|X=-|Q=B/
plain/pkg/assign/none/ok/d1	T=|I=a:b:a|F=10|X=-|Q=/	T=|I=a:b:a|F=10|X=-|Q=/
plain/pkg/assign/none/dieB/d1	T=|I=a:b:a|F=10|X=-|Q=B/	T=|I=a:b:a|F=10|X=-|Q=B/
plain/pkg/assign/none/dieD/d1	T=X:V|I=a:b:a|F=10|X=-|Q=/	T=X:V|I=a:b:a|F=10|X=-|Q=/
plain/pkg/assign/preref/ok/d1	T=|I=a:b:a|F=77|X=-|Q=/	T=|I=a:b:a|F=77|X=-|Q=/
plain/pkg/assign/preref/dieB/d1	T=|I=a:b:a|F=77|X=-|Q=B/	T=|I=a:b:a|F=77|X=-|Q=B/
plain/pkg/assign/preref/dieD/d1	T=X:V|I=a:b:a|F=77|X=-|Q=/	T=X:V|I=a:b:a|F=77|X=-|Q=/
plain/pkg/self/none/ok/d1	T=|I=a:b:a|F=10|X=-|Q=/	T=|I=a:b:a|F=10|X=-|Q=/
plain/pkg/self/none/dieB/d1	T=|I=a:b:a|F=10|X=-|Q=B/	T=|I=a:b:a|F=10|X=-|Q=B/
plain/pkg/self/preref/ok/d1	T=|I=a:b:a|F=77|X=-|Q=/	T=|I=a:b:a|F=77|X=-|Q=/
plain/pkg/self/preref/dieB/d1	T=|I=a:b:a|F=77|X=-|Q=B/	T=|I=a:b:a|F=77|X=-|Q=B/
plain/aeP/bare/none/ok/d1	T=|I=a:b:a|F=20|X=1|Q=/	T=|I=a:b:a|F=20|X=1|Q=/
plain/aeP/bare/none/dieB/d1	T=|I=a:b:a|F=20|X=1|Q=B/	T=|I=a:b:a|F=20|X=1|Q=B/
plain/aeP/bare/preref/ok/d1	T=|I=a:b:a|F=77|X=1|Q=/	T=|I=a:b:a|F=77|X=1|Q=/
plain/aeP/bare/preref/dieB/d1	T=|I=a:b:a|F=77|X=1|Q=B/	T=|I=a:b:a|F=77|X=1|Q=B/
plain/aeP/bare/clear/ok/d1	T=|I=a:b:a|F=20|X=1|Q=/	T=|I=a:b:a|F=20|X=1|Q=/
plain/aeP/bare/clear/dieB/d1	T=|I=a:b:a|F=20|X=1|Q=B/	T=|I=a:b:a|F=20|X=1|Q=B/
plain/aeP/bare/del/ok/d1	T=|I=a:b:a|F=20|X=1|Q=/	T=|I=a:b:a|F=20|X=1|Q=/
plain/aeP/bare/del/dieB/d1	T=|I=a:b:a|F=20|X=1|Q=B/	T=|I=a:b:a|F=20|X=1|Q=B/
plain/aeP/assign/none/ok/d1	T=|I=a:b:a|F=20|X=1|Q=/	T=|I=a:b:a|F=20|X=1|Q=/
plain/aeP/assign/none/dieB/d1	T=|I=a:b:a|F=20|X=1|Q=B/	T=|I=a:b:a|F=20|X=1|Q=B/
plain/aeP/assign/none/dieD/d1	T=X:V|I=a:b:a|F=20|X=1|Q=/	T=X:V|I=a:b:a|F=20|X=1|Q=/
plain/aeP/assign/preref/ok/d1	T=|I=a:b:a|F=77|X=1|Q=/	T=|I=a:b:a|F=77|X=1|Q=/
plain/aeP/assign/preref/dieB/d1	T=|I=a:b:a|F=77|X=1|Q=B/	T=|I=a:b:a|F=77|X=1|Q=B/
plain/aeP/assign/preref/dieD/d1	T=X:V|I=a:b:a|F=77|X=1|Q=/	T=X:V|I=a:b:a|F=77|X=1|Q=/
plain/aeP/assign/clear/ok/d1	T=|I=a:b:a|F=20|X=1|Q=/	T=|I=a:b:a|F=20|X=1|Q=/
plain/aeP/assign/clear/dieB/d1	T=|I=a:b:a|F=20|X=1|Q=B/	T=|I=a:b:a|F=20|X=1|Q=B/
plain/aeP/assign/clear/dieD/d1	T=X:V|I=a:b:a|F=20|X=1|Q=/	T=X:V|I=a:b:a|F=20|X=1|Q=/
plain/aeP/assign/del/ok/d1	T=|I=a:b:a|F=20|X=1|Q=/	T=|I=a:b:a|F=20|X=1|Q=/
plain/aeP/assign/del/dieB/d1	T=|I=a:b:a|F=20|X=1|Q=B/	T=|I=a:b:a|F=20|X=1|Q=B/
plain/aeP/assign/del/dieD/d1	T=X:V|I=a:b:a|F=20|X=1|Q=/	T=X:V|I=a:b:a|F=20|X=1|Q=/
plain/aeP/self/none/ok/d1	T=|I=a:b:a|F=20|X=1|Q=/	T=|I=a:b:a|F=20|X=1|Q=/
plain/aeP/self/none/dieB/d1	T=|I=a:b:a|F=20|X=1|Q=B/	T=|I=a:b:a|F=20|X=1|Q=B/
plain/aeP/self/preref/ok/d1	T=|I=a:b:a|F=77|X=1|Q=/	T=|I=a:b:a|F=77|X=1|Q=/
plain/aeP/self/preref/dieB/d1	T=|I=a:b:a|F=77|X=1|Q=B/	T=|I=a:b:a|F=77|X=1|Q=B/
plain/aeP/self/clear/ok/d1	T=|I=a:b:a|F=20|X=1|Q=/	T=|I=a:b:a|F=20|X=1|Q=/
plain/aeP/self/clear/dieB/d1	T=|I=a:b:a|F=20|X=1|Q=B/	T=|I=a:b:a|F=20|X=1|Q=B/
plain/aeP/self/del/ok/d1	T=|I=a:b:a|F=20|X=1|Q=/	T=|I=a:b:a|F=20|X=1|Q=/
plain/aeP/self/del/dieB/d1	T=|I=a:b:a|F=20|X=1|Q=B/	T=|I=a:b:a|F=20|X=1|Q=B/
plain/aeA/bare/none/ok/d1	T=|I=-:a:-|F=u|X=0|Q=/	T=|I=-:a:-|F=u|X=0|Q=/
plain/aeA/bare/none/dieB/d1	T=|I=-:a:-|F=u|X=0|Q=B/	T=|I=-:a:-|F=u|X=0|Q=B/
plain/aeA/bare/clear/ok/d1	T=|I=-:a:-|F=u|X=0|Q=/	T=|I=-:a:-|F=u|X=0|Q=/
plain/aeA/bare/clear/dieB/d1	T=|I=-:a:-|F=u|X=0|Q=B/	T=|I=-:a:-|F=u|X=0|Q=B/
plain/aeA/assign/none/ok/d1	T=|I=-:a:-|F=u|X=0|Q=/	T=|I=-:a:-|F=u|X=0|Q=/
plain/aeA/assign/none/dieB/d1	T=|I=-:a:-|F=u|X=0|Q=B/	T=|I=-:a:-|F=u|X=0|Q=B/
plain/aeA/assign/none/dieD/d1	T=X:V|I=-:a:-|F=u|X=0|Q=/	T=X:V|I=-:a:-|F=u|X=0|Q=/
plain/aeA/assign/clear/ok/d1	T=|I=-:a:-|F=u|X=0|Q=/	T=|I=-:a:-|F=u|X=0|Q=/
plain/aeA/assign/clear/dieB/d1	T=|I=-:a:-|F=u|X=0|Q=B/	T=|I=-:a:-|F=u|X=0|Q=B/
plain/aeA/assign/clear/dieD/d1	T=X:V|I=-:a:-|F=u|X=0|Q=/	T=X:V|I=-:a:-|F=u|X=0|Q=/
plain/aeA/self/none/ok/d1	T=|I=-:a:-|F=u|X=0|Q=/	T=|I=-:a:-|F=u|X=0|Q=/
plain/aeA/self/none/dieB/d1	T=|I=-:a:-|F=u|X=0|Q=B/	T=|I=-:a:-|F=u|X=0|Q=B/
plain/aeA/self/clear/ok/d1	T=|I=-:a:-|F=u|X=0|Q=/	T=|I=-:a:-|F=u|X=0|Q=/
plain/aeA/self/clear/dieB/d1	T=|I=-:a:-|F=u|X=0|Q=B/	T=|I=-:a:-|F=u|X=0|Q=B/
plain/heP/bare/none/ok/d1	T=|I=a:b:a|F=10|X=1|Q=/	T=|I=a:b:a|F=10|X=1|Q=/
plain/heP/bare/none/dieB/d1	T=|I=a:b:a|F=10|X=1|Q=B/	T=|I=a:b:a|F=10|X=1|Q=B/
plain/heP/bare/preref/ok/d1	T=|I=a:b:a|F=77|X=1|Q=/	T=|I=a:b:a|F=77|X=1|Q=/
plain/heP/bare/preref/dieB/d1	T=|I=a:b:a|F=77|X=1|Q=B/	T=|I=a:b:a|F=77|X=1|Q=B/
plain/heP/bare/clear/ok/d1	T=|I=a:b:a|F=10|X=1|Q=/	T=|I=a:b:a|F=10|X=1|Q=/
plain/heP/bare/clear/dieB/d1	T=|I=a:b:a|F=10|X=1|Q=B/	T=|I=a:b:a|F=10|X=1|Q=B/
plain/heP/bare/del/ok/d1	T=|I=a:b:a|F=10|X=1|Q=/	T=|I=a:b:a|F=10|X=1|Q=/
plain/heP/bare/del/dieB/d1	T=|I=a:b:a|F=10|X=1|Q=B/	T=|I=a:b:a|F=10|X=1|Q=B/
plain/heP/assign/none/ok/d1	T=|I=a:b:a|F=10|X=1|Q=/	T=|I=a:b:a|F=10|X=1|Q=/
plain/heP/assign/none/dieB/d1	T=|I=a:b:a|F=10|X=1|Q=B/	T=|I=a:b:a|F=10|X=1|Q=B/
plain/heP/assign/none/dieD/d1	T=X:V|I=a:b:a|F=10|X=1|Q=/	T=X:V|I=a:b:a|F=10|X=1|Q=/
plain/heP/assign/preref/ok/d1	T=|I=a:b:a|F=77|X=1|Q=/	T=|I=a:b:a|F=77|X=1|Q=/
plain/heP/assign/preref/dieB/d1	T=|I=a:b:a|F=77|X=1|Q=B/	T=|I=a:b:a|F=77|X=1|Q=B/
plain/heP/assign/preref/dieD/d1	T=X:V|I=a:b:a|F=77|X=1|Q=/	T=X:V|I=a:b:a|F=77|X=1|Q=/
plain/heP/assign/clear/ok/d1	T=|I=a:b:a|F=10|X=1|Q=/	T=|I=a:b:a|F=10|X=1|Q=/
plain/heP/assign/clear/dieB/d1	T=|I=a:b:a|F=10|X=1|Q=B/	T=|I=a:b:a|F=10|X=1|Q=B/
plain/heP/assign/clear/dieD/d1	T=X:V|I=a:b:a|F=10|X=1|Q=/	T=X:V|I=a:b:a|F=10|X=1|Q=/
plain/heP/assign/del/ok/d1	T=|I=a:b:a|F=10|X=1|Q=/	T=|I=a:b:a|F=10|X=1|Q=/
plain/heP/assign/del/dieB/d1	T=|I=a:b:a|F=10|X=1|Q=B/	T=|I=a:b:a|F=10|X=1|Q=B/
plain/heP/assign/del/dieD/d1	T=X:V|I=a:b:a|F=10|X=1|Q=/	T=X:V|I=a:b:a|F=10|X=1|Q=/
plain/heP/self/none/ok/d1	T=|I=a:b:a|F=10|X=1|Q=/	T=|I=a:b:a|F=10|X=1|Q=/
plain/heP/self/none/dieB/d1	T=|I=a:b:a|F=10|X=1|Q=B/	T=|I=a:b:a|F=10|X=1|Q=B/
plain/heP/self/preref/ok/d1	T=|I=a:b:a|F=77|X=1|Q=/	T=|I=a:b:a|F=77|X=1|Q=/
plain/heP/self/preref/dieB/d1	T=|I=a:b:a|F=77|X=1|Q=B/	T=|I=a:b:a|F=77|X=1|Q=B/
plain/heP/self/clear/ok/d1	T=|I=a:b:a|F=10|X=1|Q=/	T=|I=a:b:a|F=10|X=1|Q=/
plain/heP/self/clear/dieB/d1	T=|I=a:b:a|F=10|X=1|Q=B/	T=|I=a:b:a|F=10|X=1|Q=B/
plain/heP/self/del/ok/d1	T=|I=a:b:a|F=10|X=1|Q=/	T=|I=a:b:a|F=10|X=1|Q=/
plain/heP/self/del/dieB/d1	T=|I=a:b:a|F=10|X=1|Q=B/	T=|I=a:b:a|F=10|X=1|Q=B/
plain/heA/bare/none/ok/d1	T=|I=-:a:-|F=u|X=0|Q=/	T=|I=-:a:-|F=u|X=0|Q=/
plain/heA/bare/none/dieB/d1	T=|I=-:a:-|F=u|X=0|Q=B/	T=|I=-:a:-|F=u|X=0|Q=B/
plain/heA/bare/clear/ok/d1	T=|I=-:a:-|F=u|X=0|Q=/	T=|I=-:a:-|F=u|X=0|Q=/
plain/heA/bare/clear/dieB/d1	T=|I=-:a:-|F=u|X=0|Q=B/	T=|I=-:a:-|F=u|X=0|Q=B/
plain/heA/assign/none/ok/d1	T=|I=-:a:-|F=u|X=0|Q=/	T=|I=-:a:-|F=u|X=0|Q=/
plain/heA/assign/none/dieB/d1	T=|I=-:a:-|F=u|X=0|Q=B/	T=|I=-:a:-|F=u|X=0|Q=B/
plain/heA/assign/none/dieD/d1	T=X:V|I=-:a:-|F=u|X=0|Q=/	T=X:V|I=-:a:-|F=u|X=0|Q=/
plain/heA/assign/clear/ok/d1	T=|I=-:a:-|F=u|X=0|Q=/	T=|I=-:a:-|F=u|X=0|Q=/
plain/heA/assign/clear/dieB/d1	T=|I=-:a:-|F=u|X=0|Q=B/	T=|I=-:a:-|F=u|X=0|Q=B/
plain/heA/assign/clear/dieD/d1	T=X:V|I=-:a:-|F=u|X=0|Q=/	T=X:V|I=-:a:-|F=u|X=0|Q=/
plain/heA/self/none/ok/d1	T=|I=-:a:-|F=u|X=0|Q=/	T=|I=-:a:-|F=u|X=0|Q=/
plain/heA/self/none/dieB/d1	T=|I=-:a:-|F=u|X=0|Q=B/	T=|I=-:a:-|F=u|X=0|Q=B/
plain/heA/self/clear/ok/d1	T=|I=-:a:-|F=u|X=0|Q=/	T=|I=-:a:-|F=u|X=0|Q=/
plain/heA/self/clear/dieB/d1	T=|I=-:a:-|F=u|X=0|Q=B/	T=|I=-:a:-|F=u|X=0|Q=B/
plain/glob/bare/none/ok/d1	T=|I=a:b:a|F=10|X=-|Q=/	T=|I=a:b:a|F=10|X=-|Q=/
plain/glob/bare/none/dieB/d1	T=|I=a:b:a|F=10|X=-|Q=B/	T=|I=a:b:a|F=10|X=-|Q=B/
plain/glob/assign/none/ok/d1	T=|I=a:b:a|F=10|X=-|Q=/	T=|I=a:b:a|F=10|X=-|Q=/
plain/glob/assign/none/dieB/d1	T=|I=a:b:a|F=10|X=-|Q=B/	T=|I=a:b:a|F=10|X=-|Q=B/
plain/glob/self/none/ok/d1	T=|I=a:a:a|F=10|X=-|Q=/	T=|I=a:a:a|F=10|X=-|Q=/
plain/glob/self/none/dieB/d1	T=|I=a:a:a|F=10|X=-|Q=B/	T=|I=a:a:a|F=10|X=-|Q=B/
tied/pkg/bare/none/ok/d1	T=F:10,S:u,S:10,F:10|I=a:b:a|F=10|X=-|Q=/	T=F:10,S:u,S:10,F:10|I=a:b:a|F=10|X=-|Q=/
tied/pkg/bare/none/dieB/d1	T=F:10,S:u,S:10,F:10|I=a:b:a|F=10|X=-|Q=B/	T=F:10,S:u,S:10,F:10|I=a:b:a|F=10|X=-|Q=B/
tied/pkg/bare/none/dieS/d1	T=F:10,S:u,S:10,F:u|I=a:b:a|F=u|X=-|Q=S/	T=F:10,S:u,S:10,F:u|I=a:b:a|F=u|X=-|Q=S/
tied/pkg/bare/preref/ok/d1	T=F:10,S:u,S:77,S:77,F:77|I=a:b:a|F=77|X=-|Q=/	T=F:10,S:u,S:77,S:77,F:77|I=a:b:a|F=77|X=-|Q=/
tied/pkg/bare/preref/dieB/d1	T=F:10,S:u,S:77,S:77,F:77|I=a:b:a|F=77|X=-|Q=B/	T=F:10,S:u,S:77,S:77,F:77|I=a:b:a|F=77|X=-|Q=B/
tied/pkg/bare/preref/dieS/d1	T=F:10,S:u,S:77,S:77,F:77|I=a:b:a|F=77|X=-|Q=S/	T=F:10,S:u,S:77,S:77,F:77|I=a:b:a|F=77|X=-|Q=S/
tied/pkg/assign/none/ok/d1	T=F:10,S:u,S:20,S:10,F:10|I=a:b:a|F=10|X=-|Q=/	T=F:10,S:u,S:20,S:10,F:10|I=a:b:a|F=10|X=-|Q=/
tied/pkg/assign/none/dieB/d1	T=F:10,S:u,S:20,S:10,F:10|I=a:b:a|F=10|X=-|Q=B/	T=F:10,S:u,S:20,S:10,F:10|I=a:b:a|F=10|X=-|Q=B/
tied/pkg/assign/none/dieS/d1	T=F:10,S:u,S:20,S:10,F:20|I=a:b:a|F=20|X=-|Q=S/	T=F:10,S:u,S:20,S:10,F:20|I=a:b:a|F=20|X=-|Q=S/
tied/pkg/assign/none/dieD/d1	T=F:10,S:u,S:r,S:10,X:V,F:10|I=a:b:a|F=10|X=-|Q=/	T=F:10,S:u,S:r,S:10,X:V,F:10|I=a:b:a|F=10|X=-|Q=/
tied/pkg/assign/preref/ok/d1	T=F:10,S:u,S:20,S:77,S:77,F:77|I=a:b:a|F=77|X=-|Q=/	T=F:10,S:u,S:20,S:77,S:77,F:77|I=a:b:a|F=77|X=-|Q=/
tied/pkg/assign/preref/dieB/d1	T=F:10,S:u,S:20,S:77,S:77,F:77|I=a:b:a|F=77|X=-|Q=B/	T=F:10,S:u,S:20,S:77,S:77,F:77|I=a:b:a|F=77|X=-|Q=B/
tied/pkg/assign/preref/dieS/d1	T=F:10,S:u,S:20,S:77,S:77,F:77|I=a:b:a|F=77|X=-|Q=S/	T=F:10,S:u,S:20,S:77,S:77,F:77|I=a:b:a|F=77|X=-|Q=S/
tied/pkg/assign/preref/dieD/d1	T=F:10,S:u,S:r,S:77,X:V,S:77,F:77|I=a:b:a|F=77|X=-|Q=/	T=F:10,S:u,S:r,S:77,X:V,S:77,F:77|I=a:b:a|F=77|X=-|Q=/
tied/pkg/self/none/ok/d1	T=F:10,S:u,F:u,S:u,S:u,F:u|I=a:b:a|F=u|X=-|Q=/	T=F:10,S:u,F:u,S:u,S:u,F:u|I=a:b:a|F=u|X=-|Q=/
tied/pkg/self/none/dieB/d1	T=F:10,S:u,F:u,S:u,S:u,F:u|I=a:b:a|F=u|X=-|Q=B/	T=F:10,S:u,F:u,S:u,S:u,F:u|I=a:b:a|F=u|X=-|Q=B/
tied/pkg/self/none/dieS/d1	T=F:10,S:u,F:u,S:u,S:u,F:u|I=a:b:a|F=u|X=-|Q=S/	T=F:10,S:u,F:u,S:u,S:u,F:u|I=a:b:a|F=u|X=-|Q=S/
tied/pkg/self/preref/ok/d1	T=F:10,S:u,F:u,S:u,S:77,S:77,F:77|I=a:b:a|F=77|X=-|Q=/	T=F:10,S:u,F:u,S:u,S:77,S:77,F:77|I=a:b:a|F=77|X=-|Q=/
tied/pkg/self/preref/dieB/d1	T=F:10,S:u,F:u,S:u,S:77,S:77,F:77|I=a:b:a|F=77|X=-|Q=B/	T=F:10,S:u,F:u,S:u,S:77,S:77,F:77|I=a:b:a|F=77|X=-|Q=B/
tied/pkg/self/preref/dieS/d1	T=F:10,S:u,F:u,S:u,S:77,S:77,F:77|I=a:b:a|F=77|X=-|Q=S/	T=F:10,S:u,F:u,S:u,S:77,S:77,F:77|I=a:b:a|F=77|X=-|Q=S/
tied/aeP/bare/none/ok/d1	T=E:1,F:1:20,S:1:u,S:1:20,E:1,F:1:20|I=masked|F=20|X=1|Q=/	T=E:1,F:1:20,S:1:u,S:1:20,E:1,F:1:20|I=masked|F=20|X=1|Q=/
tied/aeP/bare/none/dieB/d1	T=E:1,F:1:20,S:1:u,S:1:20,E:1,F:1:20|I=masked|F=20|X=1|Q=B/	T=E:1,F:1:20,S:1:u,S:1:20,E:1,F:1:20|I=masked|F=20|X=1|Q=B/
tied/aeP/bare/none/dieS/d1	T=E:1,F:1:20,S:1:u,S:1:20,E:1,F:1:u|I=masked|F=u|X=1|Q=S/	T=E:1,F:1:20,S:1:u,S:1:20,E:1,F:1:u|I=masked|F=u|X=1|Q=S/
tied/aeP/bare/preref/ok/d1	T=E:1,F:1:20,S:1:u,S:1:77,S:1:20,E:1,F:1:20|I=masked|F=20|X=1|Q=/	T=E:1,F:1:20,S:1:u,S:1:77,S:1:20,E:1,F:1:20|I=masked|F=20|X=1|Q=/
tied/aeP/bare/preref/dieB/d1	T=E:1,F:1:20,S:1:u,S:1:77,S:1:20,E:1,F:1:20|I=masked|F=20|X=1|Q=B/	T=E:1,F:1:20,S:1:u,S:1:77,S:1:20,E:1,F:1:20|I=masked|F=20|X=1|Q=B/
tied/aeP/bare/preref/dieS/d1	T=E:1,F:1:20,S:1:u,S:1:77,S:1:20,E:1,F:1:77|I=masked|F=77|X=1|Q=S/	T=E:1,F:1:20,S:1:u,S:1:77,S:1:20,E:1,F:1:77|I=masked|F=77|X=1|Q=S/
tied/aeP/bare/clear/ok/d1	T=E:1,F:1:20,S:1:u,C,S:1:20,E:1,F:1:20|I=masked|F=20|X=1|Q=/	T=E:1,F:1:20,S:1:u,C,S:1:20,E:1,F:1:20|I=masked|F=20|X=1|Q=/
tied/aeP/bare/clear/dieB/d1	T=E:1,F:1:20,S:1:u,C,S:1:20,E:1,F:1:20|I=masked|F=20|X=1|Q=B/	T=E:1,F:1:20,S:1:u,C,S:1:20,E:1,F:1:20|I=masked|F=20|X=1|Q=B/
tied/aeP/bare/clear/dieS/d1	T=E:1,F:1:20,S:1:u,C,S:1:20,E:1,F:1:u|I=masked|F=u|X=0|Q=S/	T=E:1,F:1:20,S:1:u,C,S:1:20,E:1,F:1:u|I=masked|F=u|X=0|Q=S/
tied/aeP/bare/del/ok/d1	T=E:1,F:1:20,S:1:u,D:1,S:1:20,E:1,F:1:20|I=masked|F=20|X=1|Q=/	T=E:1,F:1:20,S:1:u,D:1,S:1:20,E:1,F:1:20|I=masked|F=20|X=1|Q=/
tied/aeP/bare/del/dieB/d1	T=E:1,F:1:20,S:1:u,D:1,S:1:20,E:1,F:1:20|I=masked|F=20|X=1|Q=B/	T=E:1,F:1:20,S:1:u,D:1,S:1:20,E:1,F:1:20|I=masked|F=20|X=1|Q=B/
tied/aeP/bare/del/dieS/d1	T=E:1,F:1:20,S:1:u,D:1,S:1:20,E:1,F:1:u|I=masked|F=u|X=0|Q=S/	T=E:1,F:1:20,S:1:u,D:1,S:1:20,E:1,F:1:u|I=masked|F=u|X=0|Q=S/
tied/aeP/assign/none/ok/d1	T=E:1,F:1:20,S:1:u,S:1:20,S:1:20,E:1,F:1:20|I=masked|F=20|X=1|Q=/	T=E:1,F:1:20,S:1:u,S:1:20,S:1:20,E:1,F:1:20|I=masked|F=20|X=1|Q=/
tied/aeP/assign/none/dieB/d1	T=E:1,F:1:20,S:1:u,S:1:20,S:1:20,E:1,F:1:20|I=masked|F=20|X=1|Q=B/	T=E:1,F:1:20,S:1:u,S:1:20,S:1:20,E:1,F:1:20|I=masked|F=20|X=1|Q=B/
tied/aeP/assign/none/dieS/d1	T=E:1,F:1:20,S:1:u,S:1:20,S:1:20,E:1,F:1:20|I=masked|F=20|X=1|Q=S/	T=E:1,F:1:20,S:1:u,S:1:20,S:1:20,E:1,F:1:20|I=masked|F=20|X=1|Q=S/
tied/aeP/assign/none/dieD/d1	T=E:1,F:1:20,S:1:u,S:1:r,S:1:20,X:V,E:1,F:1:20|I=masked|F=20|X=1|Q=/	T=E:1,F:1:20,S:1:u,S:1:r,S:1:20,X:V,E:1,F:1:20|I=masked|F=20|X=1|Q=/
tied/aeP/assign/preref/ok/d1	T=E:1,F:1:20,S:1:u,S:1:20,S:1:77,S:1:20,E:1,F:1:20|I=masked|F=20|X=1|Q=/	T=E:1,F:1:20,S:1:u,S:1:20,S:1:77,S:1:20,E:1,F:1:20|I=masked|F=20|X=1|Q=/
tied/aeP/assign/preref/dieB/d1	T=E:1,F:1:20,S:1:u,S:1:20,S:1:77,S:1:20,E:1,F:1:20|I=masked|F=20|X=1|Q=B/	T=E:1,F:1:20,S:1:u,S:1:20,S:1:77,S:1:20,E:1,F:1:20|I=masked|F=20|X=1|Q=B/
tied/aeP/assign/preref/dieS/d1	T=E:1,F:1:20,S:1:u,S:1:20,S:1:77,S:1:20,E:1,F:1:77|I=masked|F=77|X=1|Q=S/	T=E:1,F:1:20,S:1:u,S:1:20,S:1:77,S:1:20,E:1,F:1:77|I=masked|F=77|X=1|Q=S/
tied/aeP/assign/preref/dieD/d1	T=E:1,F:1:20,S:1:u,S:1:r,S:1:77,X:V,S:1:20,E:1,F:1:20|I=masked|F=20|X=1|Q=/	T=E:1,F:1:20,S:1:u,S:1:r,S:1:77,X:V,S:1:20,E:1,F:1:20|I=masked|F=20|X=1|Q=/
tied/aeP/assign/clear/ok/d1	T=E:1,F:1:20,S:1:u,S:1:20,C,S:1:20,E:1,F:1:20|I=masked|F=20|X=1|Q=/	T=E:1,F:1:20,S:1:u,S:1:20,C,S:1:20,E:1,F:1:20|I=masked|F=20|X=1|Q=/
tied/aeP/assign/clear/dieB/d1	T=E:1,F:1:20,S:1:u,S:1:20,C,S:1:20,E:1,F:1:20|I=masked|F=20|X=1|Q=B/	T=E:1,F:1:20,S:1:u,S:1:20,C,S:1:20,E:1,F:1:20|I=masked|F=20|X=1|Q=B/
tied/aeP/assign/clear/dieS/d1	T=E:1,F:1:20,S:1:u,S:1:20,C,S:1:20,E:1,F:1:u|I=masked|F=u|X=0|Q=S/	T=E:1,F:1:20,S:1:u,S:1:20,C,S:1:20,E:1,F:1:u|I=masked|F=u|X=0|Q=S/
tied/aeP/assign/clear/dieD/d1	T=E:1,F:1:20,S:1:u,S:1:r,C,X:V,S:1:20,E:1,F:1:20|I=masked|F=20|X=1|Q=/	T=E:1,F:1:20,S:1:u,S:1:r,C,X:V,S:1:20,E:1,F:1:20|I=masked|F=20|X=1|Q=/
tied/aeP/assign/del/ok/d1	T=E:1,F:1:20,S:1:u,S:1:20,D:1,S:1:20,E:1,F:1:20|I=masked|F=20|X=1|Q=/	T=E:1,F:1:20,S:1:u,S:1:20,D:1,S:1:20,E:1,F:1:20|I=masked|F=20|X=1|Q=/
tied/aeP/assign/del/dieB/d1	T=E:1,F:1:20,S:1:u,S:1:20,D:1,S:1:20,E:1,F:1:20|I=masked|F=20|X=1|Q=B/	T=E:1,F:1:20,S:1:u,S:1:20,D:1,S:1:20,E:1,F:1:20|I=masked|F=20|X=1|Q=B/
tied/aeP/assign/del/dieS/d1	T=E:1,F:1:20,S:1:u,S:1:20,D:1,S:1:20,E:1,F:1:u|I=masked|F=u|X=0|Q=S/	T=E:1,F:1:20,S:1:u,S:1:20,D:1,S:1:20,E:1,F:1:u|I=masked|F=u|X=0|Q=S/
tied/aeP/assign/del/dieD/d1	T=E:1,F:1:20,S:1:u,S:1:r,D:1,X:V,S:1:20,E:1,F:1:20|I=masked|F=20|X=1|Q=/	T=E:1,F:1:20,S:1:u,S:1:r,D:1,X:V,S:1:20,E:1,F:1:20|I=masked|F=20|X=1|Q=/
tied/aeP/self/none/ok/d1	T=F:1:20,E:1,F:1:20,S:1:u,S:1:20,S:1:20,E:1,F:1:20|I=masked|F=20|X=1|Q=/	T=F:1:20,E:1,F:1:20,S:1:u,S:1:20,S:1:20,E:1,F:1:20|I=masked|F=20|X=1|Q=/
tied/aeP/self/none/dieB/d1	T=F:1:20,E:1,F:1:20,S:1:u,S:1:20,S:1:20,E:1,F:1:20|I=masked|F=20|X=1|Q=B/	T=F:1:20,E:1,F:1:20,S:1:u,S:1:20,S:1:20,E:1,F:1:20|I=masked|F=20|X=1|Q=B/
tied/aeP/self/none/dieS/d1	T=F:1:20,E:1,F:1:20,S:1:u,S:1:20,S:1:20,E:1,F:1:20|I=masked|F=20|X=1|Q=S/	T=F:1:20,E:1,F:1:20,S:1:u,S:1:20,S:1:20,E:1,F:1:20|I=masked|F=20|X=1|Q=S/
tied/aeP/self/preref/ok/d1	T=F:1:20,E:1,F:1:20,S:1:u,S:1:20,S:1:77,S:1:20,E:1,F:1:20|I=masked|F=20|X=1|Q=/	T=F:1:20,E:1,F:1:20,S:1:u,S:1:20,S:1:77,S:1:20,E:1,F:1:20|I=masked|F=20|X=1|Q=/
tied/aeP/self/preref/dieB/d1	T=F:1:20,E:1,F:1:20,S:1:u,S:1:20,S:1:77,S:1:20,E:1,F:1:20|I=masked|F=20|X=1|Q=B/	T=F:1:20,E:1,F:1:20,S:1:u,S:1:20,S:1:77,S:1:20,E:1,F:1:20|I=masked|F=20|X=1|Q=B/
tied/aeP/self/preref/dieS/d1	T=F:1:20,E:1,F:1:20,S:1:u,S:1:20,S:1:77,S:1:20,E:1,F:1:77|I=masked|F=77|X=1|Q=S/	T=F:1:20,E:1,F:1:20,S:1:u,S:1:20,S:1:77,S:1:20,E:1,F:1:77|I=masked|F=77|X=1|Q=S/
tied/aeP/self/clear/ok/d1	T=F:1:20,E:1,F:1:20,S:1:u,S:1:20,C,S:1:20,E:1,F:1:20|I=masked|F=20|X=1|Q=/	T=F:1:20,E:1,F:1:20,S:1:u,S:1:20,C,S:1:20,E:1,F:1:20|I=masked|F=20|X=1|Q=/
tied/aeP/self/clear/dieB/d1	T=F:1:20,E:1,F:1:20,S:1:u,S:1:20,C,S:1:20,E:1,F:1:20|I=masked|F=20|X=1|Q=B/	T=F:1:20,E:1,F:1:20,S:1:u,S:1:20,C,S:1:20,E:1,F:1:20|I=masked|F=20|X=1|Q=B/
tied/aeP/self/clear/dieS/d1	T=F:1:20,E:1,F:1:20,S:1:u,S:1:20,C,S:1:20,E:1,F:1:u|I=masked|F=u|X=0|Q=S/	T=F:1:20,E:1,F:1:20,S:1:u,S:1:20,C,S:1:20,E:1,F:1:u|I=masked|F=u|X=0|Q=S/
tied/aeP/self/del/ok/d1	T=F:1:20,E:1,F:1:20,S:1:u,S:1:20,D:1,S:1:20,E:1,F:1:20|I=masked|F=20|X=1|Q=/	T=F:1:20,E:1,F:1:20,S:1:u,S:1:20,D:1,S:1:20,E:1,F:1:20|I=masked|F=20|X=1|Q=/
tied/aeP/self/del/dieB/d1	T=F:1:20,E:1,F:1:20,S:1:u,S:1:20,D:1,S:1:20,E:1,F:1:20|I=masked|F=20|X=1|Q=B/	T=F:1:20,E:1,F:1:20,S:1:u,S:1:20,D:1,S:1:20,E:1,F:1:20|I=masked|F=20|X=1|Q=B/
tied/aeP/self/del/dieS/d1	T=F:1:20,E:1,F:1:20,S:1:u,S:1:20,D:1,S:1:20,E:1,F:1:u|I=masked|F=u|X=0|Q=S/	T=F:1:20,E:1,F:1:20,S:1:u,S:1:20,D:1,S:1:20,E:1,F:1:u|I=masked|F=u|X=0|Q=S/
tied/aeA/bare/none/ok/d1	T=E:5,D:5,E:5,F:5:u|I=masked|F=u|X=0|Q=/	T=E:5,D:5,E:5,F:5:u|I=masked|F=u|X=0|Q=/
tied/aeA/bare/none/dieB/d1	T=E:5,D:5,E:5,F:5:u|I=masked|F=u|X=0|Q=B/	T=E:5,D:5,E:5,F:5:u|I=masked|F=u|X=0|Q=B/
tied/aeA/bare/none/dieS/d1	T=E:5,D:5,E:5,F:5:u|I=masked|F=u|X=0|Q=/	T=E:5,D:5,E:5,F:5:u|I=masked|F=u|X=0|Q=/
tied/aeA/bare/clear/ok/d1	T=E:5,C,D:5,E:5,F:5:u|I=masked|F=u|X=0|Q=/	T=E:5,C,D:5,E:5,F:5:u|I=masked|F=u|X=0|Q=/
tied/aeA/bare/clear/dieB/d1	T=E:5,C,D:5,E:5,F:5:u|I=masked|F=u|X=0|Q=B/	T=E:5,C,D:5,E:5,F:5:u|I=masked|F=u|X=0|Q=B/
tied/aeA/bare/clear/dieS/d1	T=E:5,C,D:5,E:5,F:5:u|I=masked|F=u|X=0|Q=/	T=E:5,C,D:5,E:5,F:5:u|I=masked|F=u|X=0|Q=/
tied/aeA/assign/none/ok/d1	T=E:5,S:5:20,D:5,E:5,F:5:u|I=masked|F=u|X=0|Q=/	T=E:5,S:5:20,D:5,E:5,F:5:u|I=masked|F=u|X=0|Q=/
tied/aeA/assign/none/dieB/d1	T=E:5,S:5:20,D:5,E:5,F:5:u|I=masked|F=u|X=0|Q=B/	T=E:5,S:5:20,D:5,E:5,F:5:u|I=masked|F=u|X=0|Q=B/
tied/aeA/assign/none/dieS/d1	T=E:5,S:5:20,D:5,E:5,F:5:u|I=masked|F=u|X=0|Q=/	T=E:5,S:5:20,D:5,E:5,F:5:u|I=masked|F=u|X=0|Q=/
tied/aeA/assign/none/dieD/d1	T=E:5,S:5:r,D:5,X:V,E:5,F:5:u|I=masked|F=u|X=0|Q=/	T=E:5,S:5:r,D:5,X:V,E:5,F:5:u|I=masked|F=u|X=0|Q=/
tied/aeA/assign/clear/ok/d1	T=E:5,S:5:20,C,D:5,E:5,F:5:u|I=masked|F=u|X=0|Q=/	T=E:5,S:5:20,C,D:5,E:5,F:5:u|I=masked|F=u|X=0|Q=/
tied/aeA/assign/clear/dieB/d1	T=E:5,S:5:20,C,D:5,E:5,F:5:u|I=masked|F=u|X=0|Q=B/	T=E:5,S:5:20,C,D:5,E:5,F:5:u|I=masked|F=u|X=0|Q=B/
tied/aeA/assign/clear/dieS/d1	T=E:5,S:5:20,C,D:5,E:5,F:5:u|I=masked|F=u|X=0|Q=/	T=E:5,S:5:20,C,D:5,E:5,F:5:u|I=masked|F=u|X=0|Q=/
tied/aeA/assign/clear/dieD/d1	T=E:5,S:5:r,C,X:V,D:5,E:5,F:5:u|I=masked|F=u|X=0|Q=/	T=E:5,S:5:r,C,X:V,D:5,E:5,F:5:u|I=masked|F=u|X=0|Q=/
tied/aeA/self/none/ok/d1	T=F:5:u,E:5,S:5:u,D:5,E:5,F:5:u|I=masked|F=u|X=0|Q=/	T=F:5:u,E:5,S:5:u,D:5,E:5,F:5:u|I=masked|F=u|X=0|Q=/
tied/aeA/self/none/dieB/d1	T=F:5:u,E:5,S:5:u,D:5,E:5,F:5:u|I=masked|F=u|X=0|Q=B/	T=F:5:u,E:5,S:5:u,D:5,E:5,F:5:u|I=masked|F=u|X=0|Q=B/
tied/aeA/self/none/dieS/d1	T=F:5:u,E:5,S:5:u,D:5,E:5,F:5:u|I=masked|F=u|X=0|Q=/	T=F:5:u,E:5,S:5:u,D:5,E:5,F:5:u|I=masked|F=u|X=0|Q=/
tied/aeA/self/clear/ok/d1	T=F:5:u,E:5,S:5:u,C,D:5,E:5,F:5:u|I=masked|F=u|X=0|Q=/	T=F:5:u,E:5,S:5:u,C,D:5,E:5,F:5:u|I=masked|F=u|X=0|Q=/
tied/aeA/self/clear/dieB/d1	T=F:5:u,E:5,S:5:u,C,D:5,E:5,F:5:u|I=masked|F=u|X=0|Q=B/	T=F:5:u,E:5,S:5:u,C,D:5,E:5,F:5:u|I=masked|F=u|X=0|Q=B/
tied/aeA/self/clear/dieS/d1	T=F:5:u,E:5,S:5:u,C,D:5,E:5,F:5:u|I=masked|F=u|X=0|Q=/	T=F:5:u,E:5,S:5:u,C,D:5,E:5,F:5:u|I=masked|F=u|X=0|Q=/
tied/heP/bare/none/ok/d1	T=E:k,F:k:10,S:k:u,S:k:10,E:k,F:k:10|I=masked|F=10|X=1|Q=/	T=E:k,F:k:10,S:k:u,S:k:10,E:k,F:k:10|I=masked|F=10|X=1|Q=/
tied/heP/bare/none/dieB/d1	T=E:k,F:k:10,S:k:u,S:k:10,E:k,F:k:10|I=masked|F=10|X=1|Q=B/	T=E:k,F:k:10,S:k:u,S:k:10,E:k,F:k:10|I=masked|F=10|X=1|Q=B/
tied/heP/bare/none/dieS/d1	T=E:k,F:k:10,S:k:u,S:k:10,E:k,F:k:u|I=masked|F=u|X=1|Q=S/	T=E:k,F:k:10,S:k:u,S:k:10,E:k,F:k:u|I=masked|F=u|X=1|Q=S/
tied/heP/bare/preref/ok/d1	T=E:k,F:k:10,S:k:u,S:k:77,S:k:10,E:k,F:k:10|I=masked|F=10|X=1|Q=/	T=E:k,F:k:10,S:k:u,S:k:77,S:k:10,E:k,F:k:10|I=masked|F=10|X=1|Q=/
tied/heP/bare/preref/dieB/d1	T=E:k,F:k:10,S:k:u,S:k:77,S:k:10,E:k,F:k:10|I=masked|F=10|X=1|Q=B/	T=E:k,F:k:10,S:k:u,S:k:77,S:k:10,E:k,F:k:10|I=masked|F=10|X=1|Q=B/
tied/heP/bare/preref/dieS/d1	T=E:k,F:k:10,S:k:u,S:k:77,S:k:10,E:k,F:k:77|I=masked|F=77|X=1|Q=S/	T=E:k,F:k:10,S:k:u,S:k:77,S:k:10,E:k,F:k:77|I=masked|F=77|X=1|Q=S/
tied/heP/bare/clear/ok/d1	T=E:k,F:k:10,S:k:u,C,S:k:10,E:k,F:k:10|I=masked|F=10|X=1|Q=/	T=E:k,F:k:10,S:k:u,C,S:k:10,E:k,F:k:10|I=masked|F=10|X=1|Q=/
tied/heP/bare/clear/dieB/d1	T=E:k,F:k:10,S:k:u,C,S:k:10,E:k,F:k:10|I=masked|F=10|X=1|Q=B/	T=E:k,F:k:10,S:k:u,C,S:k:10,E:k,F:k:10|I=masked|F=10|X=1|Q=B/
tied/heP/bare/clear/dieS/d1	T=E:k,F:k:10,S:k:u,C,S:k:10,E:k,F:k:u|I=masked|F=u|X=0|Q=S/	T=E:k,F:k:10,S:k:u,C,S:k:10,E:k,F:k:u|I=masked|F=u|X=0|Q=S/
tied/heP/bare/del/ok/d1	T=E:k,F:k:10,S:k:u,D:k,S:k:10,E:k,F:k:10|I=masked|F=10|X=1|Q=/	T=E:k,F:k:10,S:k:u,D:k,S:k:10,E:k,F:k:10|I=masked|F=10|X=1|Q=/
tied/heP/bare/del/dieB/d1	T=E:k,F:k:10,S:k:u,D:k,S:k:10,E:k,F:k:10|I=masked|F=10|X=1|Q=B/	T=E:k,F:k:10,S:k:u,D:k,S:k:10,E:k,F:k:10|I=masked|F=10|X=1|Q=B/
tied/heP/bare/del/dieS/d1	T=E:k,F:k:10,S:k:u,D:k,S:k:10,E:k,F:k:u|I=masked|F=u|X=0|Q=S/	T=E:k,F:k:10,S:k:u,D:k,S:k:10,E:k,F:k:u|I=masked|F=u|X=0|Q=S/
tied/heP/assign/none/ok/d1	T=E:k,F:k:10,S:k:20,S:k:10,E:k,F:k:10|I=masked|F=10|X=1|Q=/	T=E:k,F:k:10,S:k:20,S:k:10,E:k,F:k:10|I=masked|F=10|X=1|Q=/
tied/heP/assign/none/dieB/d1	T=E:k,F:k:10,S:k:20,S:k:10,E:k,F:k:10|I=masked|F=10|X=1|Q=B/	T=E:k,F:k:10,S:k:20,S:k:10,E:k,F:k:10|I=masked|F=10|X=1|Q=B/
tied/heP/assign/none/dieS/d1	T=E:k,F:k:10,S:k:20,S:k:10,E:k,F:k:20|I=masked|F=20|X=1|Q=S/	T=E:k,F:k:10,S:k:20,S:k:10,E:k,F:k:20|I=masked|F=20|X=1|Q=S/
tied/heP/assign/none/dieD/d1	T=E:k,F:k:10,S:k:r,S:k:10,X:V,E:k,F:k:10|I=masked|F=10|X=1|Q=/	T=E:k,F:k:10,S:k:r,S:k:10,X:V,E:k,F:k:10|I=masked|F=10|X=1|Q=/
tied/heP/assign/preref/ok/d1	T=E:k,F:k:10,S:k:20,S:k:77,S:k:10,E:k,F:k:10|I=masked|F=10|X=1|Q=/	T=E:k,F:k:10,S:k:20,S:k:77,S:k:10,E:k,F:k:10|I=masked|F=10|X=1|Q=/
tied/heP/assign/preref/dieB/d1	T=E:k,F:k:10,S:k:20,S:k:77,S:k:10,E:k,F:k:10|I=masked|F=10|X=1|Q=B/	T=E:k,F:k:10,S:k:20,S:k:77,S:k:10,E:k,F:k:10|I=masked|F=10|X=1|Q=B/
tied/heP/assign/preref/dieS/d1	T=E:k,F:k:10,S:k:20,S:k:77,S:k:10,E:k,F:k:77|I=masked|F=77|X=1|Q=S/	T=E:k,F:k:10,S:k:20,S:k:77,S:k:10,E:k,F:k:77|I=masked|F=77|X=1|Q=S/
tied/heP/assign/preref/dieD/d1	T=E:k,F:k:10,S:k:r,S:k:77,X:V,S:k:10,E:k,F:k:10|I=masked|F=10|X=1|Q=/	T=E:k,F:k:10,S:k:r,S:k:77,X:V,S:k:10,E:k,F:k:10|I=masked|F=10|X=1|Q=/
tied/heP/assign/clear/ok/d1	T=E:k,F:k:10,S:k:20,C,S:k:10,E:k,F:k:10|I=masked|F=10|X=1|Q=/	T=E:k,F:k:10,S:k:20,C,S:k:10,E:k,F:k:10|I=masked|F=10|X=1|Q=/
tied/heP/assign/clear/dieB/d1	T=E:k,F:k:10,S:k:20,C,S:k:10,E:k,F:k:10|I=masked|F=10|X=1|Q=B/	T=E:k,F:k:10,S:k:20,C,S:k:10,E:k,F:k:10|I=masked|F=10|X=1|Q=B/
tied/heP/assign/clear/dieS/d1	T=E:k,F:k:10,S:k:20,C,S:k:10,E:k,F:k:u|I=masked|F=u|X=0|Q=S/	T=E:k,F:k:10,S:k:20,C,S:k:10,E:k,F:k:u|I=masked|F=u|X=0|Q=S/
tied/heP/assign/clear/dieD/d1	T=E:k,F:k:10,S:k:r,C,X:V,S:k:10,E:k,F:k:10|I=masked|F=10|X=1|Q=/	T=E:k,F:k:10,S:k:r,C,X:V,S:k:10,E:k,F:k:10|I=masked|F=10|X=1|Q=/
tied/heP/assign/del/ok/d1	T=E:k,F:k:10,S:k:20,D:k,S:k:10,E:k,F:k:10|I=masked|F=10|X=1|Q=/	T=E:k,F:k:10,S:k:20,D:k,S:k:10,E:k,F:k:10|I=masked|F=10|X=1|Q=/
tied/heP/assign/del/dieB/d1	T=E:k,F:k:10,S:k:20,D:k,S:k:10,E:k,F:k:10|I=masked|F=10|X=1|Q=B/	T=E:k,F:k:10,S:k:20,D:k,S:k:10,E:k,F:k:10|I=masked|F=10|X=1|Q=B/
tied/heP/assign/del/dieS/d1	T=E:k,F:k:10,S:k:20,D:k,S:k:10,E:k,F:k:u|I=masked|F=u|X=0|Q=S/	T=E:k,F:k:10,S:k:20,D:k,S:k:10,E:k,F:k:u|I=masked|F=u|X=0|Q=S/
tied/heP/assign/del/dieD/d1	T=E:k,F:k:10,S:k:r,D:k,X:V,S:k:10,E:k,F:k:10|I=masked|F=10|X=1|Q=/	T=E:k,F:k:10,S:k:r,D:k,X:V,S:k:10,E:k,F:k:10|I=masked|F=10|X=1|Q=/
tied/heP/self/none/ok/d1	T=F:k:10,E:k,F:k:10,S:k:10,S:k:10,E:k,F:k:10|I=masked|F=10|X=1|Q=/	T=F:k:10,E:k,F:k:10,S:k:10,S:k:10,E:k,F:k:10|I=masked|F=10|X=1|Q=/
tied/heP/self/none/dieB/d1	T=F:k:10,E:k,F:k:10,S:k:10,S:k:10,E:k,F:k:10|I=masked|F=10|X=1|Q=B/	T=F:k:10,E:k,F:k:10,S:k:10,S:k:10,E:k,F:k:10|I=masked|F=10|X=1|Q=B/
tied/heP/self/none/dieS/d1	T=F:k:10,E:k,F:k:10,S:k:10,S:k:10,E:k,F:k:10|I=masked|F=10|X=1|Q=S/	T=F:k:10,E:k,F:k:10,S:k:10,S:k:10,E:k,F:k:10|I=masked|F=10|X=1|Q=S/
tied/heP/self/preref/ok/d1	T=F:k:10,E:k,F:k:10,S:k:10,S:k:77,S:k:10,E:k,F:k:10|I=masked|F=10|X=1|Q=/	T=F:k:10,E:k,F:k:10,S:k:10,S:k:77,S:k:10,E:k,F:k:10|I=masked|F=10|X=1|Q=/
tied/heP/self/preref/dieB/d1	T=F:k:10,E:k,F:k:10,S:k:10,S:k:77,S:k:10,E:k,F:k:10|I=masked|F=10|X=1|Q=B/	T=F:k:10,E:k,F:k:10,S:k:10,S:k:77,S:k:10,E:k,F:k:10|I=masked|F=10|X=1|Q=B/
tied/heP/self/preref/dieS/d1	T=F:k:10,E:k,F:k:10,S:k:10,S:k:77,S:k:10,E:k,F:k:77|I=masked|F=77|X=1|Q=S/	T=F:k:10,E:k,F:k:10,S:k:10,S:k:77,S:k:10,E:k,F:k:77|I=masked|F=77|X=1|Q=S/
tied/heP/self/clear/ok/d1	T=F:k:10,E:k,F:k:10,S:k:10,C,S:k:10,E:k,F:k:10|I=masked|F=10|X=1|Q=/	T=F:k:10,E:k,F:k:10,S:k:10,C,S:k:10,E:k,F:k:10|I=masked|F=10|X=1|Q=/
tied/heP/self/clear/dieB/d1	T=F:k:10,E:k,F:k:10,S:k:10,C,S:k:10,E:k,F:k:10|I=masked|F=10|X=1|Q=B/	T=F:k:10,E:k,F:k:10,S:k:10,C,S:k:10,E:k,F:k:10|I=masked|F=10|X=1|Q=B/
tied/heP/self/clear/dieS/d1	T=F:k:10,E:k,F:k:10,S:k:10,C,S:k:10,E:k,F:k:u|I=masked|F=u|X=0|Q=S/	T=F:k:10,E:k,F:k:10,S:k:10,C,S:k:10,E:k,F:k:u|I=masked|F=u|X=0|Q=S/
tied/heP/self/del/ok/d1	T=F:k:10,E:k,F:k:10,S:k:10,D:k,S:k:10,E:k,F:k:10|I=masked|F=10|X=1|Q=/	T=F:k:10,E:k,F:k:10,S:k:10,D:k,S:k:10,E:k,F:k:10|I=masked|F=10|X=1|Q=/
tied/heP/self/del/dieB/d1	T=F:k:10,E:k,F:k:10,S:k:10,D:k,S:k:10,E:k,F:k:10|I=masked|F=10|X=1|Q=B/	T=F:k:10,E:k,F:k:10,S:k:10,D:k,S:k:10,E:k,F:k:10|I=masked|F=10|X=1|Q=B/
tied/heP/self/del/dieS/d1	T=F:k:10,E:k,F:k:10,S:k:10,D:k,S:k:10,E:k,F:k:u|I=masked|F=u|X=0|Q=S/	T=F:k:10,E:k,F:k:10,S:k:10,D:k,S:k:10,E:k,F:k:u|I=masked|F=u|X=0|Q=S/
tied/heA/bare/none/ok/d1	T=E:nk,D:nk,E:nk,F:nk:u|I=masked|F=u|X=0|Q=/	T=E:nk,D:nk,E:nk,F:nk:u|I=masked|F=u|X=0|Q=/
tied/heA/bare/none/dieB/d1	T=E:nk,D:nk,E:nk,F:nk:u|I=masked|F=u|X=0|Q=B/	T=E:nk,D:nk,E:nk,F:nk:u|I=masked|F=u|X=0|Q=B/
tied/heA/bare/none/dieS/d1	T=E:nk,D:nk,E:nk,F:nk:u|I=masked|F=u|X=0|Q=/	T=E:nk,D:nk,E:nk,F:nk:u|I=masked|F=u|X=0|Q=/
tied/heA/bare/clear/ok/d1	T=E:nk,C,D:nk,E:nk,F:nk:u|I=masked|F=u|X=0|Q=/	T=E:nk,C,D:nk,E:nk,F:nk:u|I=masked|F=u|X=0|Q=/
tied/heA/bare/clear/dieB/d1	T=E:nk,C,D:nk,E:nk,F:nk:u|I=masked|F=u|X=0|Q=B/	T=E:nk,C,D:nk,E:nk,F:nk:u|I=masked|F=u|X=0|Q=B/
tied/heA/bare/clear/dieS/d1	T=E:nk,C,D:nk,E:nk,F:nk:u|I=masked|F=u|X=0|Q=/	T=E:nk,C,D:nk,E:nk,F:nk:u|I=masked|F=u|X=0|Q=/
tied/heA/assign/none/ok/d1	T=E:nk,S:nk:20,D:nk,E:nk,F:nk:u|I=masked|F=u|X=0|Q=/	T=E:nk,S:nk:20,D:nk,E:nk,F:nk:u|I=masked|F=u|X=0|Q=/
tied/heA/assign/none/dieB/d1	T=E:nk,S:nk:20,D:nk,E:nk,F:nk:u|I=masked|F=u|X=0|Q=B/	T=E:nk,S:nk:20,D:nk,E:nk,F:nk:u|I=masked|F=u|X=0|Q=B/
tied/heA/assign/none/dieS/d1	T=E:nk,S:nk:20,D:nk,E:nk,F:nk:u|I=masked|F=u|X=0|Q=/	T=E:nk,S:nk:20,D:nk,E:nk,F:nk:u|I=masked|F=u|X=0|Q=/
tied/heA/assign/none/dieD/d1	T=E:nk,S:nk:r,D:nk,X:V,E:nk,F:nk:u|I=masked|F=u|X=0|Q=/	T=E:nk,S:nk:r,D:nk,X:V,E:nk,F:nk:u|I=masked|F=u|X=0|Q=/
tied/heA/assign/clear/ok/d1	T=E:nk,S:nk:20,C,D:nk,E:nk,F:nk:u|I=masked|F=u|X=0|Q=/	T=E:nk,S:nk:20,C,D:nk,E:nk,F:nk:u|I=masked|F=u|X=0|Q=/
tied/heA/assign/clear/dieB/d1	T=E:nk,S:nk:20,C,D:nk,E:nk,F:nk:u|I=masked|F=u|X=0|Q=B/	T=E:nk,S:nk:20,C,D:nk,E:nk,F:nk:u|I=masked|F=u|X=0|Q=B/
tied/heA/assign/clear/dieS/d1	T=E:nk,S:nk:20,C,D:nk,E:nk,F:nk:u|I=masked|F=u|X=0|Q=/	T=E:nk,S:nk:20,C,D:nk,E:nk,F:nk:u|I=masked|F=u|X=0|Q=/
tied/heA/assign/clear/dieD/d1	T=E:nk,S:nk:r,C,X:V,D:nk,E:nk,F:nk:u|I=masked|F=u|X=0|Q=/	T=E:nk,S:nk:r,C,X:V,D:nk,E:nk,F:nk:u|I=masked|F=u|X=0|Q=/
tied/heA/self/none/ok/d1	T=F:nk:u,E:nk,S:nk:u,D:nk,E:nk,F:nk:u|I=masked|F=u|X=0|Q=/	T=F:nk:u,E:nk,S:nk:u,D:nk,E:nk,F:nk:u|I=masked|F=u|X=0|Q=/
tied/heA/self/none/dieB/d1	T=F:nk:u,E:nk,S:nk:u,D:nk,E:nk,F:nk:u|I=masked|F=u|X=0|Q=B/	T=F:nk:u,E:nk,S:nk:u,D:nk,E:nk,F:nk:u|I=masked|F=u|X=0|Q=B/
tied/heA/self/none/dieS/d1	T=F:nk:u,E:nk,S:nk:u,D:nk,E:nk,F:nk:u|I=masked|F=u|X=0|Q=/	T=F:nk:u,E:nk,S:nk:u,D:nk,E:nk,F:nk:u|I=masked|F=u|X=0|Q=/
tied/heA/self/clear/ok/d1	T=F:nk:u,E:nk,S:nk:u,C,D:nk,E:nk,F:nk:u|I=masked|F=u|X=0|Q=/	T=F:nk:u,E:nk,S:nk:u,C,D:nk,E:nk,F:nk:u|I=masked|F=u|X=0|Q=/
tied/heA/self/clear/dieB/d1	T=F:nk:u,E:nk,S:nk:u,C,D:nk,E:nk,F:nk:u|I=masked|F=u|X=0|Q=B/	T=F:nk:u,E:nk,S:nk:u,C,D:nk,E:nk,F:nk:u|I=masked|F=u|X=0|Q=B/
tied/heA/self/clear/dieS/d1	T=F:nk:u,E:nk,S:nk:u,C,D:nk,E:nk,F:nk:u|I=masked|F=u|X=0|Q=/	T=F:nk:u,E:nk,S:nk:u,C,D:nk,E:nk,F:nk:u|I=masked|F=u|X=0|Q=/
plain/pkg/bare/none/ok/d2	T=X:P|I=a:b:a|F=10|X=-|Q=/	T=X:P|I=a:b:a|F=10|X=-|Q=/
plain/pkg/bare/none/dieB/d2	T=X:P|I=a:b:a|F=10|X=-|Q=B/	T=X:P|I=a:b:a|F=10|X=-|Q=B/
plain/pkg/assign/none/ok/d2	T=X:P|I=a:b:a|F=10|X=-|Q=/	T=X:P|I=a:b:a|F=10|X=-|Q=/
plain/pkg/assign/none/dieB/d2	T=X:P|I=a:b:a|F=10|X=-|Q=B/	T=X:P|I=a:b:a|F=10|X=-|Q=B/
plain/aeP/bare/none/ok/d2	T=X:P|I=a:b:a|F=20|X=1|Q=/	T=X:P|I=a:b:a|F=20|X=1|Q=/
plain/aeP/bare/none/dieB/d2	T=X:P|I=a:b:a|F=20|X=1|Q=B/	T=X:P|I=a:b:a|F=20|X=1|Q=B/
plain/aeP/assign/none/ok/d2	T=X:P|I=a:b:a|F=20|X=1|Q=/	T=X:P|I=a:b:a|F=20|X=1|Q=/
plain/aeP/assign/none/dieB/d2	T=X:P|I=a:b:a|F=20|X=1|Q=B/	T=X:P|I=a:b:a|F=20|X=1|Q=B/
plain/heP/bare/none/ok/d2	T=X:P|I=a:b:a|F=10|X=1|Q=/	T=X:P|I=a:b:a|F=10|X=1|Q=/
plain/heP/bare/none/dieB/d2	T=X:P|I=a:b:a|F=10|X=1|Q=B/	T=X:P|I=a:b:a|F=10|X=1|Q=B/
plain/heP/assign/none/ok/d2	T=X:P|I=a:b:a|F=10|X=1|Q=/	T=X:P|I=a:b:a|F=10|X=1|Q=/
plain/heP/assign/none/dieB/d2	T=X:P|I=a:b:a|F=10|X=1|Q=B/	T=X:P|I=a:b:a|F=10|X=1|Q=B/
tied/pkg/bare/none/ok/d2	T=F:10,S:u,F:u,S:u,S:30,S:u,X:P,S:10,F:10|I=a:b:a|F=10|X=-|Q=/	T=F:10,S:u,F:u,S:u,S:30,S:u,X:P,S:10,F:10|I=a:b:a|F=10|X=-|Q=/
tied/pkg/bare/none/dieB/d2	T=F:10,S:u,F:u,S:u,S:30,S:u,X:P,S:10,F:10|I=a:b:a|F=10|X=-|Q=B/	T=F:10,S:u,F:u,S:u,S:30,S:u,X:P,S:10,F:10|I=a:b:a|F=10|X=-|Q=B/
tied/pkg/assign/none/ok/d2	T=F:10,S:u,S:20,F:20,S:u,S:30,S:20,X:P,S:10,F:10|I=a:b:a|F=10|X=-|Q=/	T=F:10,S:u,S:20,F:20,S:u,S:30,S:20,X:P,S:10,F:10|I=a:b:a|F=10|X=-|Q=/
tied/pkg/assign/none/dieB/d2	T=F:10,S:u,S:20,F:20,S:u,S:30,S:20,X:P,S:10,F:10|I=a:b:a|F=10|X=-|Q=B/	T=F:10,S:u,S:20,F:20,S:u,S:30,S:20,X:P,S:10,F:10|I=a:b:a|F=10|X=-|Q=B/
tied/aeP/bare/none/ok/d2	T=E:1,F:1:20,S:1:u,E:1,F:1:u,S:1:u,S:1:30,S:1:u,X:P,S:1:20,E:1,F:1:20|I=masked|F=20|X=1|Q=/	T=E:1,F:1:20,S:1:u,E:1,F:1:u,S:1:u,S:1:30,S:1:u,X:P,S:1:20,E:1,F:1:20|I=masked|F=20|X=1|Q=/
tied/aeP/bare/none/dieB/d2	T=E:1,F:1:20,S:1:u,E:1,F:1:u,S:1:u,S:1:30,S:1:u,X:P,S:1:20,E:1,F:1:20|I=masked|F=20|X=1|Q=B/	T=E:1,F:1:20,S:1:u,E:1,F:1:u,S:1:u,S:1:30,S:1:u,X:P,S:1:20,E:1,F:1:20|I=masked|F=20|X=1|Q=B/
tied/aeP/assign/none/ok/d2	T=E:1,F:1:20,S:1:u,S:1:20,E:1,F:1:20,S:1:u,S:1:30,S:1:20,X:P,S:1:20,E:1,F:1:20|I=masked|F=20|X=1|Q=/	T=E:1,F:1:20,S:1:u,S:1:20,E:1,F:1:20,S:1:u,S:1:30,S:1:20,X:P,S:1:20,E:1,F:1:20|I=masked|F=20|X=1|Q=/
tied/aeP/assign/none/dieB/d2	T=E:1,F:1:20,S:1:u,S:1:20,E:1,F:1:20,S:1:u,S:1:30,S:1:20,X:P,S:1:20,E:1,F:1:20|I=masked|F=20|X=1|Q=B/	T=E:1,F:1:20,S:1:u,S:1:20,E:1,F:1:20,S:1:u,S:1:30,S:1:20,X:P,S:1:20,E:1,F:1:20|I=masked|F=20|X=1|Q=B/
tied/heP/bare/none/ok/d2	T=E:k,F:k:10,S:k:u,E:k,F:k:u,S:k:30,S:k:u,X:P,S:k:10,E:k,F:k:10|I=masked|F=10|X=1|Q=/	T=E:k,F:k:10,S:k:u,E:k,F:k:u,S:k:30,S:k:u,X:P,S:k:10,E:k,F:k:10|I=masked|F=10|X=1|Q=/
tied/heP/bare/none/dieB/d2	T=E:k,F:k:10,S:k:u,E:k,F:k:u,S:k:30,S:k:u,X:P,S:k:10,E:k,F:k:10|I=masked|F=10|X=1|Q=B/	T=E:k,F:k:10,S:k:u,E:k,F:k:u,S:k:30,S:k:u,X:P,S:k:10,E:k,F:k:10|I=masked|F=10|X=1|Q=B/
tied/heP/assign/none/ok/d2	T=E:k,F:k:10,S:k:20,E:k,F:k:20,S:k:30,S:k:20,X:P,S:k:10,E:k,F:k:10|I=masked|F=10|X=1|Q=/	T=E:k,F:k:10,S:k:20,E:k,F:k:20,S:k:30,S:k:20,X:P,S:k:10,E:k,F:k:10|I=masked|F=10|X=1|Q=/
tied/heP/assign/none/dieB/d2	T=E:k,F:k:10,S:k:20,E:k,F:k:20,S:k:30,S:k:20,X:P,S:k:10,E:k,F:k:10|I=masked|F=10|X=1|Q=B/	T=E:k,F:k:10,S:k:20,E:k,F:k:20,S:k:30,S:k:20,X:P,S:k:10,E:k,F:k:10|I=masked|F=10|X=1|Q=B/
plain/aeP/bare/keep/ok/d1	T=|I=a:b:c:a:d:-:-:-:-:b:-|F=10,20,30,-,-,-,-|X=1110000|N=2|E=u,-|Q=/	T=|I=a:b:c:a:d:-:-:-:-:b:-|F=10,20,30,-,-,-,-|X=1110000|N=2|E=u,-|Q=/
plain/aeP/bare/keep/dieB/d1	T=|I=a:b:c:a:d:-:-:-:-:b:-|F=10,20,30,-,-,-,-|X=1110000|N=2|E=u,-|Q=B/	T=|I=a:b:c:a:d:-:-:-:-:b:-|F=10,20,30,-,-,-,-|X=1110000|N=2|E=u,-|Q=B/
plain/aeP/bare/shift1/ok/d1	T=|I=a:b:b:a:-:-:-:-:-:b:c|F=u,20,-,-,-,-,-|X=1100000|N=1|E=u,10|Q=/	T=|I=a:b:b:a:-:-:-:-:-:b:c|F=u,20,-,-,-,-,-|X=1100000|N=1|E=u,10|Q=/
plain/aeP/bare/shift1/dieB/d1	T=|I=a:b:b:a:-:-:-:-:-:b:c|F=u,20,-,-,-,-,-|X=1100000|N=1|E=u,10|Q=B/	T=|I=a:b:b:a:-:-:-:-:-:b:c|F=u,20,-,-,-,-,-|X=1100000|N=1|E=u,10|Q=B/
plain/aeP/bare/shift2/ok/d1	T=|I=a:b:c:a:-:-:-:-:-:b:b|F=30,20,-,-,-,-,-|X=1100000|N=1|E=u,u|Q=/	T=|I=a:b:c:a:-:-:-:-:-:b:b|F=30,20,-,-,-,-,-|X=1100000|N=1|E=u,u|Q=/
plain/aeP/bare/shift2/dieB/d1	T=|I=a:b:c:a:-:-:-:-:-:b:b|F=30,20,-,-,-,-,-|X=1100000|N=1|E=u,u|Q=B/	T=|I=a:b:c:a:-:-:-:-:-:b:b|F=30,20,-,-,-,-,-|X=1100000|N=1|E=u,u|Q=B/
plain/aeP/bare/unshift1/ok/d1	T=|I=a:b:c:a:b:d:-:-:-:b:-|F=7,20,u,30,-,-,-|X=1111000|N=3|E=u,-|Q=/	T=|I=a:b:c:a:b:d:-:-:-:b:-|F=7,20,u,30,-,-,-|X=1111000|N=3|E=u,-|Q=/
plain/aeP/bare/unshift1/dieB/d1	T=|I=a:b:c:a:b:d:-:-:-:b:-|F=7,20,u,30,-,-,-|X=1111000|N=3|E=u,-|Q=B/	T=|I=a:b:c:a:b:d:-:-:-:b:-|F=7,20,u,30,-,-,-|X=1111000|N=3|E=u,-|Q=B/
plain/aeP/bare/pop1/ok/d1	T=|I=a:b:c:a:-:-:-:-:-:b:d|F=10,20,-,-,-,-,-|X=1100000|N=1|E=u,30|Q=/	T=|I=a:b:c:a:-:-:-:-:-:b:d|F=10,20,-,-,-,-,-|X=1100000|N=1|E=u,30|Q=/
plain/aeP/bare/pop1/dieB/d1	T=|I=a:b:c:a:-:-:-:-:-:b:d|F=10,20,-,-,-,-,-|X=1100000|N=1|E=u,30|Q=B/	T=|I=a:b:c:a:-:-:-:-:-:b:d|F=10,20,-,-,-,-,-|X=1100000|N=1|E=u,30|Q=B/
plain/aeP/bare/push1/ok/d1	T=|I=a:b:c:a:d:e:-:-:-:b:-|F=10,20,30,7,-,-,-|X=1111000|N=3|E=u,-|Q=/	T=|I=a:b:c:a:d:e:-:-:-:b:-|F=10,20,30,7,-,-,-|X=1111000|N=3|E=u,-|Q=/
plain/aeP/bare/push1/dieB/d1	T=|I=a:b:c:a:d:e:-:-:-:b:-|F=10,20,30,7,-,-,-|X=1111000|N=3|E=u,-|Q=B/	T=|I=a:b:c:a:d:e:-:-:-:b:-|F=10,20,30,7,-,-,-|X=1111000|N=3|E=u,-|Q=B/
plain/aeP/bare/splice_rm/ok/d1	T=|I=a:b:b:a:-:-:-:-:-:b:c|F=u,20,-,-,-,-,-|X=1100000|N=1|E=u,10|Q=/	T=|I=a:b:b:a:-:-:-:-:-:b:c|F=u,20,-,-,-,-,-|X=1100000|N=1|E=u,10|Q=/
plain/aeP/bare/splice_rm/dieB/d1	T=|I=a:b:b:a:-:-:-:-:-:b:c|F=u,20,-,-,-,-,-|X=1100000|N=1|E=u,10|Q=B/	T=|I=a:b:b:a:-:-:-:-:-:b:c|F=u,20,-,-,-,-,-|X=1100000|N=1|E=u,10|Q=B/
plain/aeP/bare/splice_ins/ok/d1	T=|I=a:b:c:a:b:d:-:-:-:b:-|F=7,20,u,30,-,-,-|X=1111000|N=3|E=u,-|Q=/	T=|I=a:b:c:a:b:d:-:-:-:b:-|F=7,20,u,30,-,-,-|X=1111000|N=3|E=u,-|Q=/
plain/aeP/bare/splice_ins/dieB/d1	T=|I=a:b:c:a:b:d:-:-:-:b:-|F=7,20,u,30,-,-,-|X=1111000|N=3|E=u,-|Q=B/	T=|I=a:b:c:a:b:d:-:-:-:b:-|F=7,20,u,30,-,-,-|X=1111000|N=3|E=u,-|Q=B/
plain/aeP/bare/fill_neg1/ok/d1	T=|I=a:b:-:a:-:-:-:-:-:b:-|F=-,20,-,-,-,-,-|X=0100000|N=1|E=u,-|Q=/	T=|I=a:b:-:a:-:-:-:-:-:b:-|F=-,20,-,-,-,-,-|X=0100000|N=1|E=u,-|Q=/
plain/aeP/bare/fill_neg1/dieB/d1	T=|I=a:b:-:a:-:-:-:-:-:b:-|F=-,20,-,-,-,-,-|X=0100000|N=1|E=u,-|Q=B/	T=|I=a:b:-:a:-:-:-:-:-:b:-|F=-,20,-,-,-,-,-|X=0100000|N=1|E=u,-|Q=B/
plain/aeP/bare/fill0/ok/d1	T=|I=a:b:c:a:-:-:-:-:-:b:-|F=10,20,-,-,-,-,-|X=1100000|N=1|E=u,-|Q=/	T=|I=a:b:c:a:-:-:-:-:-:b:-|F=10,20,-,-,-,-,-|X=1100000|N=1|E=u,-|Q=/
plain/aeP/bare/fill0/dieB/d1	T=|I=a:b:c:a:-:-:-:-:-:b:-|F=10,20,-,-,-,-,-|X=1100000|N=1|E=u,-|Q=B/	T=|I=a:b:c:a:-:-:-:-:-:b:-|F=10,20,-,-,-,-,-|X=1100000|N=1|E=u,-|Q=B/
plain/aeP/bare/refill/ok/d1	T=|I=a:b:c:a:-:-:-:-:-:b:-|F=7,20,-,-,-,-,-|X=1100000|N=1|E=u,-|Q=/	T=|I=a:b:c:a:-:-:-:-:-:b:-|F=7,20,-,-,-,-,-|X=1100000|N=1|E=u,-|Q=/
plain/aeP/bare/refill/dieB/d1	T=|I=a:b:c:a:-:-:-:-:-:b:-|F=7,20,-,-,-,-,-|X=1100000|N=1|E=u,-|Q=B/	T=|I=a:b:c:a:-:-:-:-:-:b:-|F=7,20,-,-,-,-,-|X=1100000|N=1|E=u,-|Q=B/
plain/aeP/assign/keep/ok/d1	T=|I=a:b:c:a:d:-:-:-:-:b:-|F=10,20,30,-,-,-,-|X=1110000|N=2|E=50,-|Q=/	T=|I=a:b:c:a:d:-:-:-:-:b:-|F=10,20,30,-,-,-,-|X=1110000|N=2|E=50,-|Q=/
plain/aeP/assign/keep/dieB/d1	T=|I=a:b:c:a:d:-:-:-:-:b:-|F=10,20,30,-,-,-,-|X=1110000|N=2|E=50,-|Q=B/	T=|I=a:b:c:a:d:-:-:-:-:b:-|F=10,20,30,-,-,-,-|X=1110000|N=2|E=50,-|Q=B/
plain/aeP/assign/shift1/ok/d1	T=|I=a:b:b:a:-:-:-:-:-:b:c|F=50,20,-,-,-,-,-|X=1100000|N=1|E=50,10|Q=/	T=|I=a:b:b:a:-:-:-:-:-:b:c|F=50,20,-,-,-,-,-|X=1100000|N=1|E=50,10|Q=/
plain/aeP/assign/shift1/dieB/d1	T=|I=a:b:b:a:-:-:-:-:-:b:c|F=50,20,-,-,-,-,-|X=1100000|N=1|E=50,10|Q=B/	T=|I=a:b:b:a:-:-:-:-:-:b:c|F=50,20,-,-,-,-,-|X=1100000|N=1|E=50,10|Q=B/
plain/aeP/assign/shift2/ok/d1	T=|I=a:b:c:a:-:-:-:-:-:b:b|F=30,20,-,-,-,-,-|X=1100000|N=1|E=50,50|Q=/	T=|I=a:b:c:a:-:-:-:-:-:b:b|F=30,20,-,-,-,-,-|X=1100000|N=1|E=50,50|Q=/
plain/aeP/assign/shift2/dieB/d1	T=|I=a:b:c:a:-:-:-:-:-:b:b|F=30,20,-,-,-,-,-|X=1100000|N=1|E=50,50|Q=B/	T=|I=a:b:c:a:-:-:-:-:-:b:b|F=30,20,-,-,-,-,-|X=1100000|N=1|E=50,50|Q=B/
plain/aeP/assign/unshift1/ok/d1	T=|I=a:b:c:a:b:d:-:-:-:b:-|F=7,20,50,30,-,-,-|X=1111000|N=3|E=50,-|Q=/	T=|I=a:b:c:a:b:d:-:-:-:b:-|F=7,20,50,30,-,-,-|X=1111000|N=3|E=50,-|Q=/
plain/aeP/assign/unshift1/dieB/d1	T=|I=a:b:c:a:b:d:-:-:-:b:-|F=7,20,50,30,-,-,-|X=1111000|N=3|E=50,-|Q=B/	T=|I=a:b:c:a:b:d:-:-:-:b:-|F=7,20,50,30,-,-,-|X=1111000|N=3|E=50,-|Q=B/
plain/aeP/assign/pop1/ok/d1	T=|I=a:b:c:a:-:-:-:-:-:b:d|F=10,20,-,-,-,-,-|X=1100000|N=1|E=50,30|Q=/	T=|I=a:b:c:a:-:-:-:-:-:b:d|F=10,20,-,-,-,-,-|X=1100000|N=1|E=50,30|Q=/
plain/aeP/assign/pop1/dieB/d1	T=|I=a:b:c:a:-:-:-:-:-:b:d|F=10,20,-,-,-,-,-|X=1100000|N=1|E=50,30|Q=B/	T=|I=a:b:c:a:-:-:-:-:-:b:d|F=10,20,-,-,-,-,-|X=1100000|N=1|E=50,30|Q=B/
plain/aeP/assign/push1/ok/d1	T=|I=a:b:c:a:d:e:-:-:-:b:-|F=10,20,30,7,-,-,-|X=1111000|N=3|E=50,-|Q=/	T=|I=a:b:c:a:d:e:-:-:-:b:-|F=10,20,30,7,-,-,-|X=1111000|N=3|E=50,-|Q=/
plain/aeP/assign/push1/dieB/d1	T=|I=a:b:c:a:d:e:-:-:-:b:-|F=10,20,30,7,-,-,-|X=1111000|N=3|E=50,-|Q=B/	T=|I=a:b:c:a:d:e:-:-:-:b:-|F=10,20,30,7,-,-,-|X=1111000|N=3|E=50,-|Q=B/
plain/aeP/assign/splice_rm/ok/d1	T=|I=a:b:b:a:-:-:-:-:-:b:c|F=50,20,-,-,-,-,-|X=1100000|N=1|E=50,10|Q=/	T=|I=a:b:b:a:-:-:-:-:-:b:c|F=50,20,-,-,-,-,-|X=1100000|N=1|E=50,10|Q=/
plain/aeP/assign/splice_rm/dieB/d1	T=|I=a:b:b:a:-:-:-:-:-:b:c|F=50,20,-,-,-,-,-|X=1100000|N=1|E=50,10|Q=B/	T=|I=a:b:b:a:-:-:-:-:-:b:c|F=50,20,-,-,-,-,-|X=1100000|N=1|E=50,10|Q=B/
plain/aeP/assign/splice_ins/ok/d1	T=|I=a:b:c:a:b:d:-:-:-:b:-|F=7,20,50,30,-,-,-|X=1111000|N=3|E=50,-|Q=/	T=|I=a:b:c:a:b:d:-:-:-:b:-|F=7,20,50,30,-,-,-|X=1111000|N=3|E=50,-|Q=/
plain/aeP/assign/splice_ins/dieB/d1	T=|I=a:b:c:a:b:d:-:-:-:b:-|F=7,20,50,30,-,-,-|X=1111000|N=3|E=50,-|Q=B/	T=|I=a:b:c:a:b:d:-:-:-:b:-|F=7,20,50,30,-,-,-|X=1111000|N=3|E=50,-|Q=B/
plain/aeP/assign/fill_neg1/ok/d1	T=|I=a:b:-:a:-:-:-:-:-:b:-|F=-,20,-,-,-,-,-|X=0100000|N=1|E=50,-|Q=/	T=|I=a:b:-:a:-:-:-:-:-:b:-|F=-,20,-,-,-,-,-|X=0100000|N=1|E=50,-|Q=/
plain/aeP/assign/fill_neg1/dieB/d1	T=|I=a:b:-:a:-:-:-:-:-:b:-|F=-,20,-,-,-,-,-|X=0100000|N=1|E=50,-|Q=B/	T=|I=a:b:-:a:-:-:-:-:-:b:-|F=-,20,-,-,-,-,-|X=0100000|N=1|E=50,-|Q=B/
plain/aeP/assign/fill0/ok/d1	T=|I=a:b:c:a:-:-:-:-:-:b:-|F=10,20,-,-,-,-,-|X=1100000|N=1|E=50,-|Q=/	T=|I=a:b:c:a:-:-:-:-:-:b:-|F=10,20,-,-,-,-,-|X=1100000|N=1|E=50,-|Q=/
plain/aeP/assign/fill0/dieB/d1	T=|I=a:b:c:a:-:-:-:-:-:b:-|F=10,20,-,-,-,-,-|X=1100000|N=1|E=50,-|Q=B/	T=|I=a:b:c:a:-:-:-:-:-:b:-|F=10,20,-,-,-,-,-|X=1100000|N=1|E=50,-|Q=B/
plain/aeP/assign/refill/ok/d1	T=|I=a:b:c:a:-:-:-:-:-:b:-|F=7,20,-,-,-,-,-|X=1100000|N=1|E=50,-|Q=/	T=|I=a:b:c:a:-:-:-:-:-:b:-|F=7,20,-,-,-,-,-|X=1100000|N=1|E=50,-|Q=/
plain/aeP/assign/refill/dieB/d1	T=|I=a:b:c:a:-:-:-:-:-:b:-|F=7,20,-,-,-,-,-|X=1100000|N=1|E=50,-|Q=B/	T=|I=a:b:c:a:-:-:-:-:-:b:-|F=7,20,-,-,-,-,-|X=1100000|N=1|E=50,-|Q=B/
plain/aeA/bare/keep/ok/d1	T=|I=-:a:b:c:d:-:-:-:-:a:-|F=10,20,30,-,-,-,-|X=1110000|N=2|E=u,-|Q=/	T=|I=-:a:b:c:d:-:-:-:-:a:-|F=10,20,30,-,-,-,-|X=1110000|N=2|E=u,-|Q=/
plain/aeA/bare/keep/dieB/d1	T=|I=-:a:b:c:d:-:-:-:-:a:-|F=10,20,30,-,-,-,-|X=1110000|N=2|E=u,-|Q=B/	T=|I=-:a:b:c:d:-:-:-:-:a:-|F=10,20,30,-,-,-,-|X=1110000|N=2|E=u,-|Q=B/
plain/aeA/bare/shift1/ok/d1	T=|I=-:a:b:c:-:-:a:-:-:a:d|F=20,30,-,-,u,-,-|X=1100100|N=4|E=u,10|Q=/	T=|I=-:a:b:c:-:-:a:-:-:a:d|F=20,30,-,-,u,-,-|X=1100100|N=4|E=u,10|Q=/
plain/aeA/bare/shift1/dieB/d1	T=|I=-:a:b:c:-:-:a:-:-:a:d|F=20,30,-,-,u,-,-|X=1100100|N=4|E=u,10|Q=B/	T=|I=-:a:b:c:-:-:a:-:-:a:d|F=20,30,-,-,u,-,-|X=1100100|N=4|E=u,10|Q=B/
plain/aeA/bare/shift2/ok/d1	T=|I=-:a:b:-:-:a:-:-:-:a:c|F=30,-,-,u,-,-,-|X=1001000|N=3|E=u,20|Q=/	T=|I=-:a:b:-:-:a:-:-:-:a:c|F=30,-,-,u,-,-,-|X=1001000|N=3|E=u,20|Q=/
plain/aeA/bare/shift2/dieB/d1	T=|I=-:a:b:-:-:a:-:-:-:a:c|F=30,-,-,u,-,-,-|X=1001000|N=3|E=u,20|Q=B/	T=|I=-:a:b:-:-:a:-:-:-:a:c|F=30,-,-,u,-,-,-|X=1001000|N=3|E=u,20|Q=B/
plain/aeA/bare/unshift1/ok/d1	T=|I=-:a:b:c:d:e:-:-:a:a:-|F=7,10,20,30,-,-,u|X=1111001|N=6|E=u,-|Q=/	T=|I=-:a:b:c:d:e:-:-:a:a:-|F=7,10,20,30,-,-,u|X=1111001|N=6|E=u,-|Q=/
plain/aeA/bare/unshift1/dieB/d1	T=|I=-:a:b:c:d:e:-:-:a:a:-|F=7,10,20,30,-,-,u|X=1111001|N=6|E=u,-|Q=B/	T=|I=-:a:b:c:d:e:-:-:a:a:-|F=7,10,20,30,-,-,u|X=1111001|N=6|E=u,-|Q=B/
plain/aeA/bare/pop1/ok/d1	T=|I=-:a:b:c:d:-:-:-:-:a:a|F=10,20,30,-,-,-,-|X=1110000|N=4|E=u,u|Q=/	T=|I=-:a:b:c:d:-:-:-:-:a:a|F=10,20,30,-,-,-,-|X=1110000|N=4|E=u,u|Q=/
plain/aeA/bare/pop1/dieB/d1	T=|I=-:a:b:c:d:-:-:-:-:a:a|F=10,20,30,-,-,-,-|X=1110000|N=4|E=u,u|Q=B/	T=|I=-:a:b:c:d:-:-:-:-:a:a|F=10,20,30,-,-,-,-|X=1110000|N=4|E=u,u|Q=B/
plain/aeA/bare/push1/ok/d1	T=|I=-:a:b:c:d:-:-:-:e:a:-|F=10,20,30,-,-,-,7|X=1110001|N=6|E=u,-|Q=/	T=|I=-:a:b:c:d:-:-:-:e:a:-|F=10,20,30,-,-,-,7|X=1110001|N=6|E=u,-|Q=/
plain/aeA/bare/push1/dieB/d1	T=|I=-:a:b:c:d:-:-:-:e:a:-|F=10,20,30,-,-,-,7|X=1110001|N=6|E=u,-|Q=B/	T=|I=-:a:b:c:d:-:-:-:e:a:-|F=10,20,30,-,-,-,7|X=1110001|N=6|E=u,-|Q=B/
plain/aeA/bare/splice_rm/ok/d1	T=|I=-:a:b:c:-:-:a:-:-:a:d|F=20,30,-,-,u,-,-|X=1100100|N=4|E=u,10|Q=/	T=|I=-:a:b:c:-:-:a:-:-:a:d|F=20,30,-,-,u,-,-|X=1100100|N=4|E=u,10|Q=/
plain/aeA/bare/splice_rm/dieB/d1	T=|I=-:a:b:c:-:-:a:-:-:a:d|F=20,30,-,-,u,-,-|X=1100100|N=4|E=u,10|Q=B/	T=|I=-:a:b:c:-:-:a:-:-:a:d|F=20,30,-,-,u,-,-|X=1100100|N=4|E=u,10|Q=B/
plain/aeA/bare/splice_ins/ok/d1	T=|I=-:a:b:c:d:e:-:-:a:a:-|F=7,10,20,30,-,-,u|X=1111001|N=6|E=u,-|Q=/	T=|I=-:a:b:c:d:e:-:-:a:a:-|F=7,10,20,30,-,-,u|X=1111001|N=6|E=u,-|Q=/
plain/aeA/bare/splice_ins/dieB/d1	T=|I=-:a:b:c:d:e:-:-:a:a:-|F=7,10,20,30,-,-,u|X=1111001|N=6|E=u,-|Q=B/	T=|I=-:a:b:c:d:e:-:-:a:a:-|F=7,10,20,30,-,-,u|X=1111001|N=6|E=u,-|Q=B/
plain/aeA/bare/fill_neg1/ok/d1	T=|I=-:a:-:-:-:-:-:-:-:a:-|F=-,-,-,-,-,-,-|X=0000000|N=-1|E=u,-|Q=/	T=|I=-:a:-:-:-:-:-:-:-:a:-|F=-,-,-,-,-,-,-|X=0000000|N=-1|E=u,-|Q=/
plain/aeA/bare/fill_neg1/dieB/d1	T=|I=-:a:-:-:-:-:-:-:-:a:-|F=-,-,-,-,-,-,-|X=0000000|N=-1|E=u,-|Q=B/	T=|I=-:a:-:-:-:-:-:-:-:a:-|F=-,-,-,-,-,-,-|X=0000000|N=-1|E=u,-|Q=B/
plain/aeA/bare/fill0/ok/d1	T=|I=-:a:b:-:-:-:-:-:-:a:-|F=10,-,-,-,-,-,-|X=1000000|N=0|E=u,-|Q=/	T=|I=-:a:b:-:-:-:-:-:-:a:-|F=10,-,-,-,-,-,-|X=1000000|N=0|E=u,-|Q=/
plain/aeA/bare/fill0/dieB/d1	T=|I=-:a:b:-:-:-:-:-:-:a:-|F=10,-,-,-,-,-,-|X=1000000|N=0|E=u,-|Q=B/	T=|I=-:a:b:-:-:-:-:-:-:a:-|F=10,-,-,-,-,-,-|X=1000000|N=0|E=u,-|Q=B/
plain/aeA/bare/refill/ok/d1	T=|I=-:a:b:c:-:-:-:-:-:a:-|F=7,8,-,-,-,-,-|X=1100000|N=1|E=u,-|Q=/	T=|I=-:a:b:c:-:-:-:-:-:a:-|F=7,8,-,-,-,-,-|X=1100000|N=1|E=u,-|Q=/
plain/aeA/bare/refill/dieB/d1	T=|I=-:a:b:c:-:-:-:-:-:a:-|F=7,8,-,-,-,-,-|X=1100000|N=1|E=u,-|Q=B/	T=|I=-:a:b:c:-:-:-:-:-:a:-|F=7,8,-,-,-,-,-|X=1100000|N=1|E=u,-|Q=B/
plain/aeA/assign/keep/ok/d1	T=|I=-:a:b:c:d:-:-:-:-:a:-|F=10,20,30,-,-,-,-|X=1110000|N=2|E=50,-|Q=/	T=|I=-:a:b:c:d:-:-:-:-:a:-|F=10,20,30,-,-,-,-|X=1110000|N=2|E=50,-|Q=/
plain/aeA/assign/keep/dieB/d1	T=|I=-:a:b:c:d:-:-:-:-:a:-|F=10,20,30,-,-,-,-|X=1110000|N=2|E=50,-|Q=B/	T=|I=-:a:b:c:d:-:-:-:-:a:-|F=10,20,30,-,-,-,-|X=1110000|N=2|E=50,-|Q=B/
plain/aeA/assign/shift1/ok/d1	T=|I=-:a:b:c:-:-:a:-:-:a:d|F=20,30,-,-,50,-,-|X=1100100|N=4|E=50,10|Q=/	T=|I=-:a:b:c:-:-:a:-:-:a:d|F=20,30,-,-,50,-,-|X=1100100|N=4|E=50,10|Q=/
plain/aeA/assign/shift1/dieB/d1	T=|I=-:a:b:c:-:-:a:-:-:a:d|F=20,30,-,-,50,-,-|X=1100100|N=4|E=50,10|Q=B/	T=|I=-:a:b:c:-:-:a:-:-:a:d|F=20,30,-,-,50,-,-|X=1100100|N=4|E=50,10|Q=B/
plain/aeA/assign/shift2/ok/d1	T=|I=-:a:b:-:-:a:-:-:-:a:c|F=30,-,-,50,-,-,-|X=1001000|N=3|E=50,20|Q=/	T=|I=-:a:b:-:-:a:-:-:-:a:c|F=30,-,-,50,-,-,-|X=1001000|N=3|E=50,20|Q=/
plain/aeA/assign/shift2/dieB/d1	T=|I=-:a:b:-:-:a:-:-:-:a:c|F=30,-,-,50,-,-,-|X=1001000|N=3|E=50,20|Q=B/	T=|I=-:a:b:-:-:a:-:-:-:a:c|F=30,-,-,50,-,-,-|X=1001000|N=3|E=50,20|Q=B/
plain/aeA/assign/unshift1/ok/d1	T=|I=-:a:b:c:d:e:-:-:a:a:-|F=7,10,20,30,-,-,50|X=1111001|N=6|E=50,-|Q=/	T=|I=-:a:b:c:d:e:-:-:a:a:-|F=7,10,20,30,-,-,50|X=1111001|N=6|E=50,-|Q=/
plain/aeA/assign/unshift1/dieB/d1	T=|I=-:a:b:c:d:e:-:-:a:a:-|F=7,10,20,30,-,-,50|X=1111001|N=6|E=50,-|Q=B/	T=|I=-:a:b:c:d:e:-:-:a:a:-|F=7,10,20,30,-,-,50|X=1111001|N=6|E=50,-|Q=B/
plain/aeA/assign/pop1/ok/d1	T=|I=-:a:b:c:d:-:-:-:-:a:a|F=10,20,30,-,-,-,-|X=1110000|N=4|E=50,50|Q=/	T=|I=-:a:b:c:d:-:-:-:-:a:a|F=10,20,30,-,-,-,-|X=1110000|N=4|E=50,50|Q=/
plain/aeA/assign/pop1/dieB/d1	T=|I=-:a:b:c:d:-:-:-:-:a:a|F=10,20,30,-,-,-,-|X=1110000|N=4|E=50,50|Q=B/	T=|I=-:a:b:c:d:-:-:-:-:a:a|F=10,20,30,-,-,-,-|X=1110000|N=4|E=50,50|Q=B/
plain/aeA/assign/push1/ok/d1	T=|I=-:a:b:c:d:-:-:-:e:a:-|F=10,20,30,-,-,-,7|X=1110001|N=6|E=50,-|Q=/	T=|I=-:a:b:c:d:-:-:-:e:a:-|F=10,20,30,-,-,-,7|X=1110001|N=6|E=50,-|Q=/
plain/aeA/assign/push1/dieB/d1	T=|I=-:a:b:c:d:-:-:-:e:a:-|F=10,20,30,-,-,-,7|X=1110001|N=6|E=50,-|Q=B/	T=|I=-:a:b:c:d:-:-:-:e:a:-|F=10,20,30,-,-,-,7|X=1110001|N=6|E=50,-|Q=B/
plain/aeA/assign/splice_rm/ok/d1	T=|I=-:a:b:c:-:-:a:-:-:a:d|F=20,30,-,-,50,-,-|X=1100100|N=4|E=50,10|Q=/	T=|I=-:a:b:c:-:-:a:-:-:a:d|F=20,30,-,-,50,-,-|X=1100100|N=4|E=50,10|Q=/
plain/aeA/assign/splice_rm/dieB/d1	T=|I=-:a:b:c:-:-:a:-:-:a:d|F=20,30,-,-,50,-,-|X=1100100|N=4|E=50,10|Q=B/	T=|I=-:a:b:c:-:-:a:-:-:a:d|F=20,30,-,-,50,-,-|X=1100100|N=4|E=50,10|Q=B/
plain/aeA/assign/splice_ins/ok/d1	T=|I=-:a:b:c:d:e:-:-:a:a:-|F=7,10,20,30,-,-,50|X=1111001|N=6|E=50,-|Q=/	T=|I=-:a:b:c:d:e:-:-:a:a:-|F=7,10,20,30,-,-,50|X=1111001|N=6|E=50,-|Q=/
plain/aeA/assign/splice_ins/dieB/d1	T=|I=-:a:b:c:d:e:-:-:a:a:-|F=7,10,20,30,-,-,50|X=1111001|N=6|E=50,-|Q=B/	T=|I=-:a:b:c:d:e:-:-:a:a:-|F=7,10,20,30,-,-,50|X=1111001|N=6|E=50,-|Q=B/
plain/aeA/assign/fill_neg1/ok/d1	T=|I=-:a:-:-:-:-:-:-:-:a:-|F=-,-,-,-,-,-,-|X=0000000|N=-1|E=50,-|Q=/	T=|I=-:a:-:-:-:-:-:-:-:a:-|F=-,-,-,-,-,-,-|X=0000000|N=-1|E=50,-|Q=/
plain/aeA/assign/fill_neg1/dieB/d1	T=|I=-:a:-:-:-:-:-:-:-:a:-|F=-,-,-,-,-,-,-|X=0000000|N=-1|E=50,-|Q=B/	T=|I=-:a:-:-:-:-:-:-:-:a:-|F=-,-,-,-,-,-,-|X=0000000|N=-1|E=50,-|Q=B/
plain/aeA/assign/fill0/ok/d1	T=|I=-:a:b:-:-:-:-:-:-:a:-|F=10,-,-,-,-,-,-|X=1000000|N=0|E=50,-|Q=/	T=|I=-:a:b:-:-:-:-:-:-:a:-|F=10,-,-,-,-,-,-|X=1000000|N=0|E=50,-|Q=/
plain/aeA/assign/fill0/dieB/d1	T=|I=-:a:b:-:-:-:-:-:-:a:-|F=10,-,-,-,-,-,-|X=1000000|N=0|E=50,-|Q=B/	T=|I=-:a:b:-:-:-:-:-:-:a:-|F=10,-,-,-,-,-,-|X=1000000|N=0|E=50,-|Q=B/
plain/aeA/assign/refill/ok/d1	T=|I=-:a:b:c:-:-:-:-:-:a:-|F=7,8,-,-,-,-,-|X=1100000|N=1|E=50,-|Q=/	T=|I=-:a:b:c:-:-:-:-:-:a:-|F=7,8,-,-,-,-,-|X=1100000|N=1|E=50,-|Q=/
plain/aeA/assign/refill/dieB/d1	T=|I=-:a:b:c:-:-:-:-:-:a:-|F=7,8,-,-,-,-,-|X=1100000|N=1|E=50,-|Q=B/	T=|I=-:a:b:c:-:-:-:-:-:a:-|F=7,8,-,-,-,-,-|X=1100000|N=1|E=50,-|Q=B/
