12x|S|0|plus	99	12	0	12	1
12x|S|0|bor	99	12	0	12	1
12x|S|0|g	99	99	0	99	1
12x|S|0|cat	99	12x	0	12	1
12x|S|I|plus	99	12	0	12	1
12x|S|I|bor	99	12	0	12	1
12x|S|I|g	99	99	0	99	1
12x|S|I|cat	99	12x	0	12	1
12x|S|V|plus	99	99	0	99	1
12x|S|V|bor	99	99	0	99	1
12x|S|V|g	99	99	0	99	1
12x|S|V|cat	99	12x	0	99	1
12x|S|D|plus	99	u	1	99	1
12x|S|D|bor	99	u	1	99	1
12x|S|D|g	99	u	1	99	1
12x|S|D|cat	99	12x	0	u	1
12x|N|0|plus		12	0	12	2
12x|N|0|bor		12	0	12	2
12x|N|0|g	99	99	0	99	1	DIV
12x|N|0|cat		12x	0	12	2
12x|N|I|plus		12	0	12	2
12x|N|I|bor		12	0	12	2
12x|N|I|g	99	99	0	99	1	DIV
12x|N|I|cat		12x	0	12	2
12x|N|V|plus		99	0	99	2
12x|N|V|bor		99	0	99	2
12x|N|V|g	99	99	0	99	1	DIV
12x|N|V|cat		12x	0	99	2
12x|N|D|plus	99	u	1	99	1
12x|N|D|bor	99	u	1	99	1
12x|N|D|g	99	u	1	99	1
12x|N|D|cat	99	12x	0	u	1
12x|R|0|plus	REF	ADDR	0	ADDR	1
12x|R|0|bor	REF	12	0	ADDR	1
12x|R|0|g	REF	ADDR	0	ADDR	1	DIV
12x|R|0|cat	REF	12x	0	ADDR	1
12x|R|I|plus	REF	ADDR	0	ADDR	1
12x|R|I|bor	REF	12	0	ADDR	1
12x|R|I|g	REF	ADDR	0	ADDR	1	DIV
12x|R|I|cat	REF	12x	0	ADDR	1
12x|R|V|plus	REF	ADDR	0	ADDR	1
12x|R|V|bor	REF	12	0	ADDR	1
12x|R|V|g	REF	ADDR	0	ADDR	1	DIV
12x|R|V|cat	REF	12x	0	ADDR	1
12x|R|D|plus	REF	u	1	ADDR	1
12x|R|D|bor	REF	u	1	ADDR	1
12x|R|D|g	REF	u	1	ADDR	1
12x|R|D|cat	REF	12x	0	u	1
12.5x|S|0|plus	99	12.5	0	12.5	1
12.5x|S|0|bor	99	12	0	12.5	1
12.5x|S|0|g	99	99	0	99	1
12.5x|S|0|cat	99	12.5x	0	12.5	1
12.5x|S|I|plus	99	12.5	0	12.5	1
12.5x|S|I|bor	99	12	0	12.5	1
12.5x|S|I|g	99	99	0	99	1
12.5x|S|I|cat	99	12.5x	0	12.5	1
12.5x|S|V|plus	99	99	0	99	1
12.5x|S|V|bor	99	99	0	99	1
12.5x|S|V|g	99	99	0	99	1
12.5x|S|V|cat	99	12.5x	0	99	1
12.5x|S|D|plus	99	u	1	99	1
12.5x|S|D|bor	99	u	1	99	1
12.5x|S|D|g	99	u	1	99	1
12.5x|S|D|cat	99	12.5x	0	u	1
12.5x|N|0|plus		12.5	0	12.5	2
12.5x|N|0|bor		12	0	12.5	2
12.5x|N|0|g	99	99	0	99	1	DIV
12.5x|N|0|cat		12.5x	0	12.5	2
12.5x|N|I|plus		12.5	0	12.5	2
12.5x|N|I|bor		12	0	12.5	2
12.5x|N|I|g	99	99	0	99	1	DIV
12.5x|N|I|cat		12.5x	0	12.5	2
12.5x|N|V|plus		99	0	99	2
12.5x|N|V|bor		99	0	99	2
12.5x|N|V|g	99	99	0	99	1	DIV
12.5x|N|V|cat		12.5x	0	99	2
12.5x|N|D|plus	99	u	1	99	1
12.5x|N|D|bor	99	u	1	99	1
12.5x|N|D|g	99	u	1	99	1
12.5x|N|D|cat	99	12.5x	0	u	1
12.5x|R|0|plus	REF	ADDR	0	ADDR	1
12.5x|R|0|bor	REF	12	0	ADDR	1
12.5x|R|0|g	REF	ADDR	0	ADDR	1	DIV
12.5x|R|0|cat	REF	12.5x	0	ADDR	1
12.5x|R|I|plus	REF	ADDR	0	ADDR	1
12.5x|R|I|bor	REF	12	0	ADDR	1
12.5x|R|I|g	REF	ADDR	0	ADDR	1	DIV
12.5x|R|I|cat	REF	12.5x	0	ADDR	1
12.5x|R|V|plus	REF	ADDR	0	ADDR	1
12.5x|R|V|bor	REF	12	0	ADDR	1
12.5x|R|V|g	REF	ADDR	0	ADDR	1	DIV
12.5x|R|V|cat	REF	12.5x	0	ADDR	1
12.5x|R|D|plus	REF	u	1	ADDR	1
12.5x|R|D|bor	REF	u	1	ADDR	1
12.5x|R|D|g	REF	u	1	ADDR	1
12.5x|R|D|cat	REF	12.5x	0	u	1
 12x|S|0|plus	99	12	0	12	1
 12x|S|0|bor	99	12	0	12	1
 12x|S|0|g	99	99	0	99	1
 12x|S|0|cat	99	 12x	0	12	1
 12x|S|I|plus	99	12	0	12	1
 12x|S|I|bor	99	12	0	12	1
 12x|S|I|g	99	99	0	99	1
 12x|S|I|cat	99	 12x	0	12	1
 12x|S|V|plus	99	99	0	99	1
 12x|S|V|bor	99	99	0	99	1
 12x|S|V|g	99	99	0	99	1
 12x|S|V|cat	99	 12x	0	99	1
 12x|S|D|plus	99	u	1	99	1
 12x|S|D|bor	99	u	1	99	1
 12x|S|D|g	99	u	1	99	1
 12x|S|D|cat	99	 12x	0	u	1
 12x|N|0|plus		12	0	12	2
 12x|N|0|bor		12	0	12	2
 12x|N|0|g	99	99	0	99	1	DIV
 12x|N|0|cat		 12x	0	12	2
 12x|N|I|plus		12	0	12	2
 12x|N|I|bor		12	0	12	2
 12x|N|I|g	99	99	0	99	1	DIV
 12x|N|I|cat		 12x	0	12	2
 12x|N|V|plus		99	0	99	2
 12x|N|V|bor		99	0	99	2
 12x|N|V|g	99	99	0	99	1	DIV
 12x|N|V|cat		 12x	0	99	2
 12x|N|D|plus	99	u	1	99	1
 12x|N|D|bor	99	u	1	99	1
 12x|N|D|g	99	u	1	99	1
 12x|N|D|cat	99	 12x	0	u	1
 12x|R|0|plus	REF	ADDR	0	ADDR	1
 12x|R|0|bor	REF	12	0	ADDR	1
 12x|R|0|g	REF	ADDR	0	ADDR	1	DIV
 12x|R|0|cat	REF	 12x	0	ADDR	1
 12x|R|I|plus	REF	ADDR	0	ADDR	1
 12x|R|I|bor	REF	12	0	ADDR	1
 12x|R|I|g	REF	ADDR	0	ADDR	1	DIV
 12x|R|I|cat	REF	 12x	0	ADDR	1
 12x|R|V|plus	REF	ADDR	0	ADDR	1
 12x|R|V|bor	REF	12	0	ADDR	1
 12x|R|V|g	REF	ADDR	0	ADDR	1	DIV
 12x|R|V|cat	REF	 12x	0	ADDR	1
 12x|R|D|plus	REF	u	1	ADDR	1
 12x|R|D|bor	REF	u	1	ADDR	1
 12x|R|D|g	REF	u	1	ADDR	1
 12x|R|D|cat	REF	 12x	0	u	1
-12x|S|0|plus	99	-12	0	-12	1
-12x|S|0|bor	99	18446744073709551604	0	-12	1
-12x|S|0|g	99	99	0	99	1
-12x|S|0|cat	99	-12x	0	-12	1
-12x|S|I|plus	99	-12	0	-12	1
-12x|S|I|bor	99	18446744073709551604	0	-12	1
-12x|S|I|g	99	99	0	99	1
-12x|S|I|cat	99	-12x	0	-12	1
-12x|S|V|plus	99	99	0	99	1
-12x|S|V|bor	99	99	0	99	1
-12x|S|V|g	99	99	0	99	1
-12x|S|V|cat	99	-12x	0	99	1
-12x|S|D|plus	99	u	1	99	1
-12x|S|D|bor	99	u	1	99	1
-12x|S|D|g	99	u	1	99	1
-12x|S|D|cat	99	-12x	0	u	1
-12x|N|0|plus		-12	0	-12	2
-12x|N|0|bor		18446744073709551604	0	-12	2
-12x|N|0|g	99	99	0	99	1	DIV
-12x|N|0|cat		-12x	0	-12	2
-12x|N|I|plus		-12	0	-12	2
-12x|N|I|bor		18446744073709551604	0	-12	2
-12x|N|I|g	99	99	0	99	1	DIV
-12x|N|I|cat		-12x	0	-12	2
-12x|N|V|plus		99	0	99	2
-12x|N|V|bor		99	0	99	2
-12x|N|V|g	99	99	0	99	1	DIV
-12x|N|V|cat		-12x	0	99	2
-12x|N|D|plus	99	u	1	99	1
-12x|N|D|bor	99	u	1	99	1
-12x|N|D|g	99	u	1	99	1
-12x|N|D|cat	99	-12x	0	u	1
-12x|R|0|plus	REF	ADDR	0	ADDR	1
-12x|R|0|bor	REF	18446744073709551604	0	ADDR	1
-12x|R|0|g	REF	ADDR	0	ADDR	1	DIV
-12x|R|0|cat	REF	-12x	0	ADDR	1
-12x|R|I|plus	REF	ADDR	0	ADDR	1
-12x|R|I|bor	REF	18446744073709551604	0	ADDR	1
-12x|R|I|g	REF	ADDR	0	ADDR	1	DIV
-12x|R|I|cat	REF	-12x	0	ADDR	1
-12x|R|V|plus	REF	ADDR	0	ADDR	1
-12x|R|V|bor	REF	18446744073709551604	0	ADDR	1
-12x|R|V|g	REF	ADDR	0	ADDR	1	DIV
-12x|R|V|cat	REF	-12x	0	ADDR	1
-12x|R|D|plus	REF	u	1	ADDR	1
-12x|R|D|bor	REF	u	1	ADDR	1
-12x|R|D|g	REF	u	1	ADDR	1
-12x|R|D|cat	REF	-12x	0	u	1
+12x|S|0|plus	99	12	0	12	1
+12x|S|0|bor	99	12	0	12	1
+12x|S|0|g	99	99	0	99	1
+12x|S|0|cat	99	+12x	0	12	1
+12x|S|I|plus	99	12	0	12	1
+12x|S|I|bor	99	12	0	12	1
+12x|S|I|g	99	99	0	99	1
+12x|S|I|cat	99	+12x	0	12	1
+12x|S|V|plus	99	99	0	99	1
+12x|S|V|bor	99	99	0	99	1
+12x|S|V|g	99	99	0	99	1
+12x|S|V|cat	99	+12x	0	99	1
+12x|S|D|plus	99	u	1	99	1
+12x|S|D|bor	99	u	1	99	1
+12x|S|D|g	99	u	1	99	1
+12x|S|D|cat	99	+12x	0	u	1
+12x|N|0|plus		12	0	12	2
+12x|N|0|bor		12	0	12	2
+12x|N|0|g	99	99	0	99	1	DIV
+12x|N|0|cat		+12x	0	12	2
+12x|N|I|plus		12	0	12	2
+12x|N|I|bor		12	0	12	2
+12x|N|I|g	99	99	0	99	1	DIV
+12x|N|I|cat		+12x	0	12	2
+12x|N|V|plus		99	0	99	2
+12x|N|V|bor		99	0	99	2
+12x|N|V|g	99	99	0	99	1	DIV
+12x|N|V|cat		+12x	0	99	2
+12x|N|D|plus	99	u	1	99	1
+12x|N|D|bor	99	u	1	99	1
+12x|N|D|g	99	u	1	99	1
+12x|N|D|cat	99	+12x	0	u	1
+12x|R|0|plus	REF	ADDR	0	ADDR	1
+12x|R|0|bor	REF	12	0	ADDR	1
+12x|R|0|g	REF	ADDR	0	ADDR	1	DIV
+12x|R|0|cat	REF	+12x	0	ADDR	1
+12x|R|I|plus	REF	ADDR	0	ADDR	1
+12x|R|I|bor	REF	12	0	ADDR	1
+12x|R|I|g	REF	ADDR	0	ADDR	1	DIV
+12x|R|I|cat	REF	+12x	0	ADDR	1
+12x|R|V|plus	REF	ADDR	0	ADDR	1
+12x|R|V|bor	REF	12	0	ADDR	1
+12x|R|V|g	REF	ADDR	0	ADDR	1	DIV
+12x|R|V|cat	REF	+12x	0	ADDR	1
+12x|R|D|plus	REF	u	1	ADDR	1
+12x|R|D|bor	REF	u	1	ADDR	1
+12x|R|D|g	REF	u	1	ADDR	1
+12x|R|D|cat	REF	+12x	0	u	1
abc|S|0|plus	99	0	0	0	1
abc|S|0|bor	99	0	0	0	1
abc|S|0|g	99	99	0	99	1
abc|S|0|cat	99	abc	0	0	1
abc|S|I|plus	99	0	0	0	1
abc|S|I|bor	99	0	0	0	1
abc|S|I|g	99	99	0	99	1
abc|S|I|cat	99	abc	0	0	1
abc|S|V|plus	99	99	0	99	1
abc|S|V|bor	99	99	0	99	1
abc|S|V|g	99	99	0	99	1
abc|S|V|cat	99	abc	0	99	1
abc|S|D|plus	99	u	1	99	1
abc|S|D|bor	99	u	1	99	1
abc|S|D|g	99	u	1	99	1
abc|S|D|cat	99	abc	0	u	1
abc|N|0|plus		0	0	0	2
abc|N|0|bor		0	0	0	2
abc|N|0|g	99	99	0	99	1	DIV
abc|N|0|cat		abc	0	0	2
abc|N|I|plus		0	0	0	2
abc|N|I|bor		0	0	0	2
abc|N|I|g	99	99	0	99	1	DIV
abc|N|I|cat		abc	0	0	2
abc|N|V|plus		99	0	99	2
abc|N|V|bor		99	0	99	2
abc|N|V|g	99	99	0	99	1	DIV
abc|N|V|cat		abc	0	99	2
abc|N|D|plus	99	u	1	99	1
abc|N|D|bor	99	u	1	99	1
abc|N|D|g	99	u	1	99	1
abc|N|D|cat	99	abc	0	u	1
abc|R|0|plus	REF	ADDR	0	ADDR	1
abc|R|0|bor	REF	0	0	ADDR	1
abc|R|0|g	REF	ADDR	0	ADDR	1	DIV
abc|R|0|cat	REF	abc	0	ADDR	1
abc|R|I|plus	REF	ADDR	0	ADDR	1
abc|R|I|bor	REF	0	0	ADDR	1
abc|R|I|g	REF	ADDR	0	ADDR	1	DIV
abc|R|I|cat	REF	abc	0	ADDR	1
abc|R|V|plus	REF	ADDR	0	ADDR	1
abc|R|V|bor	REF	0	0	ADDR	1
abc|R|V|g	REF	ADDR	0	ADDR	1	DIV
abc|R|V|cat	REF	abc	0	ADDR	1
abc|R|D|plus	REF	u	1	ADDR	1
abc|R|D|bor	REF	u	1	ADDR	1
abc|R|D|g	REF	u	1	ADDR	1
abc|R|D|cat	REF	abc	0	u	1
|S|0|plus	99	0	0	0	1
|S|0|bor	99	0	0	0	1
|S|0|g	99	99	0	99	1
|S|0|cat	99		0	0	1
|S|I|plus	99	0	0	0	1
|S|I|bor	99	0	0	0	1
|S|I|g	99	99	0	99	1
|S|I|cat	99		0	0	1
|S|V|plus	99	99	0	99	1
|S|V|bor	99	99	0	99	1
|S|V|g	99	99	0	99	1
|S|V|cat	99		0	99	1
|S|D|plus	99	u	1	99	1
|S|D|bor	99	u	1	99	1
|S|D|g	99	u	1	99	1
|S|D|cat	99		0	u	1
|N|0|plus		0	0	0	2
|N|0|bor		0	0	0	2
|N|0|g	99	99	0	99	1	DIV
|N|0|cat			0	0	2
|N|I|plus		0	0	0	2
|N|I|bor		0	0	0	2
|N|I|g	99	99	0	99	1	DIV
|N|I|cat			0	0	2
|N|V|plus		99	0	99	2
|N|V|bor		99	0	99	2
|N|V|g	99	99	0	99	1	DIV
|N|V|cat			0	99	2
|N|D|plus	99	u	1	99	1
|N|D|bor	99	u	1	99	1
|N|D|g	99	u	1	99	1
|N|D|cat	99		0	u	1
|R|0|plus	REF	ADDR	0	ADDR	1
|R|0|bor	REF	0	0	ADDR	1
|R|0|g	REF	ADDR	0	ADDR	1	DIV
|R|0|cat	REF		0	ADDR	1
|R|I|plus	REF	ADDR	0	ADDR	1
|R|I|bor	REF	0	0	ADDR	1
|R|I|g	REF	ADDR	0	ADDR	1	DIV
|R|I|cat	REF		0	ADDR	1
|R|V|plus	REF	ADDR	0	ADDR	1
|R|V|bor	REF	0	0	ADDR	1
|R|V|g	REF	ADDR	0	ADDR	1	DIV
|R|V|cat	REF		0	ADDR	1
|R|D|plus	REF	u	1	ADDR	1
|R|D|bor	REF	u	1	ADDR	1
|R|D|g	REF	u	1	ADDR	1
|R|D|cat	REF		0	u	1
.|S|0|plus	99	0	0	0	1
.|S|0|bor	99	0	0	0	1
.|S|0|g	99	99	0	99	1
.|S|0|cat	99	.	0	0	1
.|S|I|plus	99	0	0	0	1
.|S|I|bor	99	0	0	0	1
.|S|I|g	99	99	0	99	1
.|S|I|cat	99	.	0	0	1
.|S|V|plus	99	99	0	99	1
.|S|V|bor	99	99	0	99	1
.|S|V|g	99	99	0	99	1
.|S|V|cat	99	.	0	99	1
.|S|D|plus	99	u	1	99	1
.|S|D|bor	99	u	1	99	1
.|S|D|g	99	u	1	99	1
.|S|D|cat	99	.	0	u	1
.|N|0|plus		0	0	0	2
.|N|0|bor		0	0	0	2
.|N|0|g	99	99	0	99	1	DIV
.|N|0|cat		.	0	0	2
.|N|I|plus		0	0	0	2
.|N|I|bor		0	0	0	2
.|N|I|g	99	99	0	99	1	DIV
.|N|I|cat		.	0	0	2
.|N|V|plus		99	0	99	2
.|N|V|bor		99	0	99	2
.|N|V|g	99	99	0	99	1	DIV
.|N|V|cat		.	0	99	2
.|N|D|plus	99	u	1	99	1
.|N|D|bor	99	u	1	99	1
.|N|D|g	99	u	1	99	1
.|N|D|cat	99	.	0	u	1
.|R|0|plus	REF	ADDR	0	ADDR	1
.|R|0|bor	REF	0	0	ADDR	1
.|R|0|g	REF	ADDR	0	ADDR	1	DIV
.|R|0|cat	REF	.	0	ADDR	1
.|R|I|plus	REF	ADDR	0	ADDR	1
.|R|I|bor	REF	0	0	ADDR	1
.|R|I|g	REF	ADDR	0	ADDR	1	DIV
.|R|I|cat	REF	.	0	ADDR	1
.|R|V|plus	REF	ADDR	0	ADDR	1
.|R|V|bor	REF	0	0	ADDR	1
.|R|V|g	REF	ADDR	0	ADDR	1	DIV
.|R|V|cat	REF	.	0	ADDR	1
.|R|D|plus	REF	u	1	ADDR	1
.|R|D|bor	REF	u	1	ADDR	1
.|R|D|g	REF	u	1	ADDR	1
.|R|D|cat	REF	.	0	u	1
12e|S|0|plus	99	12	0	12	1
12e|S|0|bor	99	12	0	12	1
12e|S|0|g	99	99	0	99	1
12e|S|0|cat	99	12e	0	12	1
12e|S|I|plus	99	12	0	12	1
12e|S|I|bor	99	12	0	12	1
12e|S|I|g	99	99	0	99	1
12e|S|I|cat	99	12e	0	12	1
12e|S|V|plus	99	99	0	99	1
12e|S|V|bor	99	99	0	99	1
12e|S|V|g	99	99	0	99	1
12e|S|V|cat	99	12e	0	99	1
12e|S|D|plus	99	u	1	99	1
12e|S|D|bor	99	u	1	99	1
12e|S|D|g	99	u	1	99	1
12e|S|D|cat	99	12e	0	u	1
12e|N|0|plus		12	0	12	2
12e|N|0|bor		12	0	12	2
12e|N|0|g	99	99	0	99	1	DIV
12e|N|0|cat		12e	0	12	2
12e|N|I|plus		12	0	12	2
12e|N|I|bor		12	0	12	2
12e|N|I|g	99	99	0	99	1	DIV
12e|N|I|cat		12e	0	12	2
12e|N|V|plus		99	0	99	2
12e|N|V|bor		99	0	99	2
12e|N|V|g	99	99	0	99	1	DIV
12e|N|V|cat		12e	0	99	2
12e|N|D|plus	99	u	1	99	1
12e|N|D|bor	99	u	1	99	1
12e|N|D|g	99	u	1	99	1
12e|N|D|cat	99	12e	0	u	1
12e|R|0|plus	REF	ADDR	0	ADDR	1
12e|R|0|bor	REF	12	0	ADDR	1
12e|R|0|g	REF	ADDR	0	ADDR	1	DIV
12e|R|0|cat	REF	12e	0	ADDR	1
12e|R|I|plus	REF	ADDR	0	ADDR	1
12e|R|I|bor	REF	12	0	ADDR	1
12e|R|I|g	REF	ADDR	0	ADDR	1	DIV
12e|R|I|cat	REF	12e	0	ADDR	1
12e|R|V|plus	REF	ADDR	0	ADDR	1
12e|R|V|bor	REF	12	0	ADDR	1
12e|R|V|g	REF	ADDR	0	ADDR	1	DIV
12e|R|V|cat	REF	12e	0	ADDR	1
12e|R|D|plus	REF	u	1	ADDR	1
12e|R|D|bor	REF	u	1	ADDR	1
12e|R|D|g	REF	u	1	ADDR	1
12e|R|D|cat	REF	12e	0	u	1
.5x|S|0|plus	99	0.5	0	0.5	1
.5x|S|0|bor	99	0	0	0.5	1
.5x|S|0|g	99	99	0	99	1
.5x|S|0|cat	99	.5x	0	0.5	1
.5x|S|I|plus	99	0.5	0	0.5	1
.5x|S|I|bor	99	0	0	0.5	1
.5x|S|I|g	99	99	0	99	1
.5x|S|I|cat	99	.5x	0	0.5	1
.5x|S|V|plus	99	99	0	99	1
.5x|S|V|bor	99	99	0	99	1
.5x|S|V|g	99	99	0	99	1
.5x|S|V|cat	99	.5x	0	99	1
.5x|S|D|plus	99	u	1	99	1
.5x|S|D|bor	99	u	1	99	1
.5x|S|D|g	99	u	1	99	1
.5x|S|D|cat	99	.5x	0	u	1
.5x|N|0|plus		0.5	0	0.5	2
.5x|N|0|bor		0	0	0.5	2
.5x|N|0|g	99	99	0	99	1	DIV
.5x|N|0|cat		.5x	0	0.5	2
.5x|N|I|plus		0.5	0	0.5	2
.5x|N|I|bor		0	0	0.5	2
.5x|N|I|g	99	99	0	99	1	DIV
.5x|N|I|cat		.5x	0	0.5	2
.5x|N|V|plus		99	0	99	2
.5x|N|V|bor		99	0	99	2
.5x|N|V|g	99	99	0	99	1	DIV
.5x|N|V|cat		.5x	0	99	2
.5x|N|D|plus	99	u	1	99	1
.5x|N|D|bor	99	u	1	99	1
.5x|N|D|g	99	u	1	99	1
.5x|N|D|cat	99	.5x	0	u	1
.5x|R|0|plus	REF	ADDR	0	ADDR	1
.5x|R|0|bor	REF	0	0	ADDR	1
.5x|R|0|g	REF	ADDR	0	ADDR	1	DIV
.5x|R|0|cat	REF	.5x	0	ADDR	1
.5x|R|I|plus	REF	ADDR	0	ADDR	1
.5x|R|I|bor	REF	0	0	ADDR	1
.5x|R|I|g	REF	ADDR	0	ADDR	1	DIV
.5x|R|I|cat	REF	.5x	0	ADDR	1
.5x|R|V|plus	REF	ADDR	0	ADDR	1
.5x|R|V|bor	REF	0	0	ADDR	1
.5x|R|V|g	REF	ADDR	0	ADDR	1	DIV
.5x|R|V|cat	REF	.5x	0	ADDR	1
.5x|R|D|plus	REF	u	1	ADDR	1
.5x|R|D|bor	REF	u	1	ADDR	1
.5x|R|D|g	REF	u	1	ADDR	1
.5x|R|D|cat	REF	.5x	0	u	1
0x10|S|0|plus	99	0	0	0	1
0x10|S|0|bor	99	0	0	0	1
0x10|S|0|g	99	99	0	99	1
0x10|S|0|cat	99	0x10	0	0	1
0x10|S|I|plus	99	0	0	0	1
0x10|S|I|bor	99	0	0	0	1
0x10|S|I|g	99	99	0	99	1
0x10|S|I|cat	99	0x10	0	0	1
0x10|S|V|plus	99	99	0	99	1
0x10|S|V|bor	99	99	0	99	1
0x10|S|V|g	99	99	0	99	1
0x10|S|V|cat	99	0x10	0	99	1
0x10|S|D|plus	99	u	1	99	1
0x10|S|D|bor	99	u	1	99	1
0x10|S|D|g	99	u	1	99	1
0x10|S|D|cat	99	0x10	0	u	1
0x10|N|0|plus		0	0	0	2
0x10|N|0|bor		0	0	0	2
0x10|N|0|g	99	99	0	99	1	DIV
0x10|N|0|cat		0x10	0	0	2
0x10|N|I|plus		0	0	0	2
0x10|N|I|bor		0	0	0	2
0x10|N|I|g	99	99	0	99	1	DIV
0x10|N|I|cat		0x10	0	0	2
0x10|N|V|plus		99	0	99	2
0x10|N|V|bor		99	0	99	2
0x10|N|V|g	99	99	0	99	1	DIV
0x10|N|V|cat		0x10	0	99	2
0x10|N|D|plus	99	u	1	99	1
0x10|N|D|bor	99	u	1	99	1
0x10|N|D|g	99	u	1	99	1
0x10|N|D|cat	99	0x10	0	u	1
0x10|R|0|plus	REF	ADDR	0	ADDR	1
0x10|R|0|bor	REF	0	0	ADDR	1
0x10|R|0|g	REF	ADDR	0	ADDR	1	DIV
0x10|R|0|cat	REF	0x10	0	ADDR	1
0x10|R|I|plus	REF	ADDR	0	ADDR	1
0x10|R|I|bor	REF	0	0	ADDR	1
0x10|R|I|g	REF	ADDR	0	ADDR	1	DIV
0x10|R|I|cat	REF	0x10	0	ADDR	1
0x10|R|V|plus	REF	ADDR	0	ADDR	1
0x10|R|V|bor	REF	0	0	ADDR	1
0x10|R|V|g	REF	ADDR	0	ADDR	1	DIV
0x10|R|V|cat	REF	0x10	0	ADDR	1
0x10|R|D|plus	REF	u	1	ADDR	1
0x10|R|D|bor	REF	u	1	ADDR	1
0x10|R|D|g	REF	u	1	ADDR	1
0x10|R|D|cat	REF	0x10	0	u	1
1e5x|S|0|plus	99	100000	0	100000	1
1e5x|S|0|bor	99	100000	0	100000	1
1e5x|S|0|g	99	99	0	99	1
1e5x|S|0|cat	99	1e5x	0	100000	1
1e5x|S|I|plus	99	100000	0	100000	1
1e5x|S|I|bor	99	100000	0	100000	1
1e5x|S|I|g	99	99	0	99	1
1e5x|S|I|cat	99	1e5x	0	100000	1
1e5x|S|V|plus	99	99	0	99	1
1e5x|S|V|bor	99	99	0	99	1
1e5x|S|V|g	99	99	0	99	1
1e5x|S|V|cat	99	1e5x	0	99	1
1e5x|S|D|plus	99	u	1	99	1
1e5x|S|D|bor	99	u	1	99	1
1e5x|S|D|g	99	u	1	99	1
1e5x|S|D|cat	99	1e5x	0	u	1
1e5x|N|0|plus		100000	0	100000	2
1e5x|N|0|bor		100000	0	100000	2
1e5x|N|0|g	99	99	0	99	1	DIV
1e5x|N|0|cat		1e5x	0	100000	2
1e5x|N|I|plus		100000	0	100000	2
1e5x|N|I|bor		100000	0	100000	2
1e5x|N|I|g	99	99	0	99	1	DIV
1e5x|N|I|cat		1e5x	0	100000	2
1e5x|N|V|plus		99	0	99	2
1e5x|N|V|bor		99	0	99	2
1e5x|N|V|g	99	99	0	99	1	DIV
1e5x|N|V|cat		1e5x	0	99	2
1e5x|N|D|plus	99	u	1	99	1
1e5x|N|D|bor	99	u	1	99	1
1e5x|N|D|g	99	u	1	99	1
1e5x|N|D|cat	99	1e5x	0	u	1
1e5x|R|0|plus	REF	ADDR	0	ADDR	1
1e5x|R|0|bor	REF	100000	0	ADDR	1
1e5x|R|0|g	REF	ADDR	0	ADDR	1	DIV
1e5x|R|0|cat	REF	1e5x	0	ADDR	1
1e5x|R|I|plus	REF	ADDR	0	ADDR	1
1e5x|R|I|bor	REF	100000	0	ADDR	1
1e5x|R|I|g	REF	ADDR	0	ADDR	1	DIV
1e5x|R|I|cat	REF	1e5x	0	ADDR	1
1e5x|R|V|plus	REF	ADDR	0	ADDR	1
1e5x|R|V|bor	REF	100000	0	ADDR	1
1e5x|R|V|g	REF	ADDR	0	ADDR	1	DIV
1e5x|R|V|cat	REF	1e5x	0	ADDR	1
1e5x|R|D|plus	REF	u	1	ADDR	1
1e5x|R|D|bor	REF	u	1	ADDR	1
1e5x|R|D|g	REF	u	1	ADDR	1
1e5x|R|D|cat	REF	1e5x	0	u	1
99999999999999999999x|S|0|plus	99	1e+20	0	1e+20	1
99999999999999999999x|S|0|bor	99	18446744073709551615	0	1e+20	1
99999999999999999999x|S|0|g	99	99	0	99	1
99999999999999999999x|S|0|cat	99	99999999999999999999x	0	1e+20	1
99999999999999999999x|S|I|plus	99	1e+20	0	1e+20	1
99999999999999999999x|S|I|bor	99	18446744073709551615	0	1e+20	1
99999999999999999999x|S|I|g	99	99	0	99	1
99999999999999999999x|S|I|cat	99	99999999999999999999x	0	1e+20	1
99999999999999999999x|S|V|plus	99	99	0	99	1
99999999999999999999x|S|V|bor	99	99	0	99	1
99999999999999999999x|S|V|g	99	99	0	99	1
99999999999999999999x|S|V|cat	99	99999999999999999999x	0	99	1
99999999999999999999x|S|D|plus	99	u	1	99	1
99999999999999999999x|S|D|bor	99	u	1	99	1
99999999999999999999x|S|D|g	99	u	1	99	1
99999999999999999999x|S|D|cat	99	99999999999999999999x	0	u	1
99999999999999999999x|N|0|plus		1e+20	0	1e+20	2
99999999999999999999x|N|0|bor		18446744073709551615	0	1e+20	2
99999999999999999999x|N|0|g	99	99	0	99	1	DIV
99999999999999999999x|N|0|cat		99999999999999999999x	0	1e+20	2
99999999999999999999x|N|I|plus		1e+20	0	1e+20	2
99999999999999999999x|N|I|bor		18446744073709551615	0	1e+20	2
99999999999999999999x|N|I|g	99	99	0	99	1	DIV
99999999999999999999x|N|I|cat		99999999999999999999x	0	1e+20	2
99999999999999999999x|N|V|plus		99	0	99	2
99999999999999999999x|N|V|bor		99	0	99	2
99999999999999999999x|N|V|g	99	99	0	99	1	DIV
99999999999999999999x|N|V|cat		99999999999999999999x	0	99	2
99999999999999999999x|N|D|plus	99	u	1	99	1
99999999999999999999x|N|D|bor	99	u	1	99	1
99999999999999999999x|N|D|g	99	u	1	99	1
99999999999999999999x|N|D|cat	99	99999999999999999999x	0	u	1
99999999999999999999x|R|0|plus	REF	ADDR	0	ADDR	1
99999999999999999999x|R|0|bor	REF	18446744073709551615	0	ADDR	1
99999999999999999999x|R|0|g	REF	ADDR	0	ADDR	1	DIV
99999999999999999999x|R|0|cat	REF	99999999999999999999x	0	ADDR	1
99999999999999999999x|R|I|plus	REF	ADDR	0	ADDR	1
99999999999999999999x|R|I|bor	REF	18446744073709551615	0	ADDR	1
99999999999999999999x|R|I|g	REF	ADDR	0	ADDR	1	DIV
99999999999999999999x|R|I|cat	REF	99999999999999999999x	0	ADDR	1
99999999999999999999x|R|V|plus	REF	ADDR	0	ADDR	1
99999999999999999999x|R|V|bor	REF	18446744073709551615	0	ADDR	1
99999999999999999999x|R|V|g	REF	ADDR	0	ADDR	1	DIV
99999999999999999999x|R|V|cat	REF	99999999999999999999x	0	ADDR	1
99999999999999999999x|R|D|plus	REF	u	1	ADDR	1
99999999999999999999x|R|D|bor	REF	u	1	ADDR	1
99999999999999999999x|R|D|g	REF	u	1	ADDR	1
99999999999999999999x|R|D|cat	REF	99999999999999999999x	0	u	1
infx|S|0|plus	99	Inf	0	Inf	1
infx|S|0|bor	99	18446744073709551615	0	Inf	1
infx|S|0|g	99	99	0	99	1
infx|S|0|cat	99	infx	0	Inf	1
infx|S|I|plus	99	Inf	0	Inf	1
infx|S|I|bor	99	18446744073709551615	0	Inf	1
infx|S|I|g	99	99	0	99	1
infx|S|I|cat	99	infx	0	Inf	1
infx|S|V|plus	99	99	0	99	1
infx|S|V|bor	99	99	0	99	1
infx|S|V|g	99	99	0	99	1
infx|S|V|cat	99	infx	0	99	1
infx|S|D|plus	99	u	1	99	1
infx|S|D|bor	99	u	1	99	1
infx|S|D|g	99	u	1	99	1
infx|S|D|cat	99	infx	0	u	1
infx|N|0|plus		Inf	0	Inf	2
infx|N|0|bor		18446744073709551615	0	Inf	2
infx|N|0|g	99	99	0	99	1	DIV
infx|N|0|cat		infx	0	Inf	2
infx|N|I|plus		Inf	0	Inf	2
infx|N|I|bor		18446744073709551615	0	Inf	2
infx|N|I|g	99	99	0	99	1	DIV
infx|N|I|cat		infx	0	Inf	2
infx|N|V|plus		99	0	99	2
infx|N|V|bor		99	0	99	2
infx|N|V|g	99	99	0	99	1	DIV
infx|N|V|cat		infx	0	99	2
infx|N|D|plus	99	u	1	99	1
infx|N|D|bor	99	u	1	99	1
infx|N|D|g	99	u	1	99	1
infx|N|D|cat	99	infx	0	u	1
infx|R|0|plus	REF	ADDR	0	ADDR	1
infx|R|0|bor	REF	18446744073709551615	0	ADDR	1
infx|R|0|g	REF	ADDR	0	ADDR	1	DIV
infx|R|0|cat	REF	infx	0	ADDR	1
infx|R|I|plus	REF	ADDR	0	ADDR	1
infx|R|I|bor	REF	18446744073709551615	0	ADDR	1
infx|R|I|g	REF	ADDR	0	ADDR	1	DIV
infx|R|I|cat	REF	infx	0	ADDR	1
infx|R|V|plus	REF	ADDR	0	ADDR	1
infx|R|V|bor	REF	18446744073709551615	0	ADDR	1
infx|R|V|g	REF	ADDR	0	ADDR	1	DIV
infx|R|V|cat	REF	infx	0	ADDR	1
infx|R|D|plus	REF	u	1	ADDR	1
infx|R|D|bor	REF	u	1	ADDR	1
infx|R|D|g	REF	u	1	ADDR	1
infx|R|D|cat	REF	infx	0	u	1
nanx|S|0|plus	99	NaN	0	NaN	1
nanx|S|0|bor	99	0	0	NaN	1
nanx|S|0|g	99	99	0	99	1
nanx|S|0|cat	99	nanx	0	NaN	1
nanx|S|I|plus	99	NaN	0	NaN	1
nanx|S|I|bor	99	0	0	NaN	1
nanx|S|I|g	99	99	0	99	1
nanx|S|I|cat	99	nanx	0	NaN	1
nanx|S|V|plus	99	99	0	99	1
nanx|S|V|bor	99	99	0	99	1
nanx|S|V|g	99	99	0	99	1
nanx|S|V|cat	99	nanx	0	99	1
nanx|S|D|plus	99	u	1	99	1
nanx|S|D|bor	99	u	1	99	1
nanx|S|D|g	99	u	1	99	1
nanx|S|D|cat	99	nanx	0	u	1
nanx|N|0|plus		NaN	0	NaN	2
nanx|N|0|bor		0	0	NaN	2
nanx|N|0|g	99	99	0	99	1	DIV
nanx|N|0|cat		nanx	0	NaN	2
nanx|N|I|plus		NaN	0	NaN	2
nanx|N|I|bor		0	0	NaN	2
nanx|N|I|g	99	99	0	99	1	DIV
nanx|N|I|cat		nanx	0	NaN	2
nanx|N|V|plus		99	0	99	2
nanx|N|V|bor		99	0	99	2
nanx|N|V|g	99	99	0	99	1	DIV
nanx|N|V|cat		nanx	0	99	2
nanx|N|D|plus	99	u	1	99	1
nanx|N|D|bor	99	u	1	99	1
nanx|N|D|g	99	u	1	99	1
nanx|N|D|cat	99	nanx	0	u	1
nanx|R|0|plus	REF	ADDR	0	ADDR	1
nanx|R|0|bor	REF	0	0	ADDR	1
nanx|R|0|g	REF	ADDR	0	ADDR	1	DIV
nanx|R|0|cat	REF	nanx	0	ADDR	1
nanx|R|I|plus	REF	ADDR	0	ADDR	1
nanx|R|I|bor	REF	0	0	ADDR	1
nanx|R|I|g	REF	ADDR	0	ADDR	1	DIV
nanx|R|I|cat	REF	nanx	0	ADDR	1
nanx|R|V|plus	REF	ADDR	0	ADDR	1
nanx|R|V|bor	REF	0	0	ADDR	1
nanx|R|V|g	REF	ADDR	0	ADDR	1	DIV
nanx|R|V|cat	REF	nanx	0	ADDR	1
nanx|R|D|plus	REF	u	1	ADDR	1
nanx|R|D|bor	REF	u	1	ADDR	1
nanx|R|D|g	REF	u	1	ADDR	1
nanx|R|D|cat	REF	nanx	0	u	1
12 |S|0|plus	12 	12	0	12	0
12 |S|0|bor	12 	12	0	12	0
12 |S|0|g	12 	12	0	12	0
12 |S|0|cat	12 	12 	0	12	0
12 |S|I|plus	12 	12	0	12	0
12 |S|I|bor	12 	12	0	12	0
12 |S|I|g	12 	12	0	12	0
12 |S|I|cat	12 	12 	0	12	0
12 |S|V|plus	12 	12	0	12	0
12 |S|V|bor	12 	12	0	12	0
12 |S|V|g	12 	12	0	12	0
12 |S|V|cat	12 	12 	0	12	0
12 |S|D|plus	12 	12	0	12	0
12 |S|D|bor	12 	12	0	12	0
12 |S|D|g	12 	12	0	12	0
12 |S|D|cat	12 	12 	0	12	0
12 |N|0|plus	12 	12	0	12	0
12 |N|0|bor	12 	12	0	12	0
12 |N|0|g	12 	12	0	12	0
12 |N|0|cat	12 	12 	0	12	0
12 |N|I|plus	12 	12	0	12	0
12 |N|I|bor	12 	12	0	12	0
12 |N|I|g	12 	12	0	12	0
12 |N|I|cat	12 	12 	0	12	0
12 |N|V|plus	12 	12	0	12	0
12 |N|V|bor	12 	12	0	12	0
12 |N|V|g	12 	12	0	12	0
12 |N|V|cat	12 	12 	0	12	0
12 |N|D|plus	12 	12	0	12	0
12 |N|D|bor	12 	12	0	12	0
12 |N|D|g	12 	12	0	12	0
12 |N|D|cat	12 	12 	0	12	0
12 |R|0|plus	12 	12	0	12	0
12 |R|0|bor	12 	12	0	12	0
12 |R|0|g	12 	12	0	12	0
12 |R|0|cat	12 	12 	0	12	0
12 |R|I|plus	12 	12	0	12	0
12 |R|I|bor	12 	12	0	12	0
12 |R|I|g	12 	12	0	12	0
12 |R|I|cat	12 	12 	0	12	0
12 |R|V|plus	12 	12	0	12	0
12 |R|V|bor	12 	12	0	12	0
12 |R|V|g	12 	12	0	12	0
12 |R|V|cat	12 	12 	0	12	0
12 |R|D|plus	12 	12	0	12	0
12 |R|D|bor	12 	12	0	12	0
12 |R|D|g	12 	12	0	12	0
12 |R|D|cat	12 	12 	0	12	0
-0x|S|0|plus	99	0	0	0	1
-0x|S|0|bor	99	0	0	0	1
-0x|S|0|g	99	99	0	99	1
-0x|S|0|cat	99	-0x	0	0	1
-0x|S|I|plus	99	0	0	0	1
-0x|S|I|bor	99	0	0	0	1
-0x|S|I|g	99	99	0	99	1
-0x|S|I|cat	99	-0x	0	0	1
-0x|S|V|plus	99	99	0	99	1
-0x|S|V|bor	99	99	0	99	1
-0x|S|V|g	99	99	0	99	1
-0x|S|V|cat	99	-0x	0	99	1
-0x|S|D|plus	99	u	1	99	1
-0x|S|D|bor	99	u	1	99	1
-0x|S|D|g	99	u	1	99	1
-0x|S|D|cat	99	-0x	0	u	1
-0x|N|0|plus		0	0	0	2
-0x|N|0|bor		0	0	0	2
-0x|N|0|g	99	99	0	99	1	DIV
-0x|N|0|cat		-0x	0	0	2
-0x|N|I|plus		0	0	0	2
-0x|N|I|bor		0	0	0	2
-0x|N|I|g	99	99	0	99	1	DIV
-0x|N|I|cat		-0x	0	0	2
-0x|N|V|plus		99	0	99	2
-0x|N|V|bor		99	0	99	2
-0x|N|V|g	99	99	0	99	1	DIV
-0x|N|V|cat		-0x	0	99	2
-0x|N|D|plus	99	u	1	99	1
-0x|N|D|bor	99	u	1	99	1
-0x|N|D|g	99	u	1	99	1
-0x|N|D|cat	99	-0x	0	u	1
-0x|R|0|plus	REF	ADDR	0	ADDR	1
-0x|R|0|bor	REF	0	0	ADDR	1
-0x|R|0|g	REF	ADDR	0	ADDR	1	DIV
-0x|R|0|cat	REF	-0x	0	ADDR	1
-0x|R|I|plus	REF	ADDR	0	ADDR	1
-0x|R|I|bor	REF	0	0	ADDR	1
-0x|R|I|g	REF	ADDR	0	ADDR	1	DIV
-0x|R|I|cat	REF	-0x	0	ADDR	1
-0x|R|V|plus	REF	ADDR	0	ADDR	1
-0x|R|V|bor	REF	0	0	ADDR	1
-0x|R|V|g	REF	ADDR	0	ADDR	1	DIV
-0x|R|V|cat	REF	-0x	0	ADDR	1
-0x|R|D|plus	REF	u	1	ADDR	1
-0x|R|D|bor	REF	u	1	ADDR	1
-0x|R|D|g	REF	u	1	ADDR	1
-0x|R|D|cat	REF	-0x	0	u	1
e5|S|0|plus	99	0	0	0	1
e5|S|0|bor	99	0	0	0	1
e5|S|0|g	99	99	0	99	1
e5|S|0|cat	99	e5	0	0	1
e5|S|I|plus	99	0	0	0	1
e5|S|I|bor	99	0	0	0	1
e5|S|I|g	99	99	0	99	1
e5|S|I|cat	99	e5	0	0	1
e5|S|V|plus	99	99	0	99	1
e5|S|V|bor	99	99	0	99	1
e5|S|V|g	99	99	0	99	1
e5|S|V|cat	99	e5	0	99	1
e5|S|D|plus	99	u	1	99	1
e5|S|D|bor	99	u	1	99	1
e5|S|D|g	99	u	1	99	1
e5|S|D|cat	99	e5	0	u	1
e5|N|0|plus		0	0	0	2
e5|N|0|bor		0	0	0	2
e5|N|0|g	99	99	0	99	1	DIV
e5|N|0|cat		e5	0	0	2
e5|N|I|plus		0	0	0	2
e5|N|I|bor		0	0	0	2
e5|N|I|g	99	99	0	99	1	DIV
e5|N|I|cat		e5	0	0	2
e5|N|V|plus		99	0	99	2
e5|N|V|bor		99	0	99	2
e5|N|V|g	99	99	0	99	1	DIV
e5|N|V|cat		e5	0	99	2
e5|N|D|plus	99	u	1	99	1
e5|N|D|bor	99	u	1	99	1
e5|N|D|g	99	u	1	99	1
e5|N|D|cat	99	e5	0	u	1
e5|R|0|plus	REF	ADDR	0	ADDR	1
e5|R|0|bor	REF	0	0	ADDR	1
e5|R|0|g	REF	ADDR	0	ADDR	1	DIV
e5|R|0|cat	REF	e5	0	ADDR	1
e5|R|I|plus	REF	ADDR	0	ADDR	1
e5|R|I|bor	REF	0	0	ADDR	1
e5|R|I|g	REF	ADDR	0	ADDR	1	DIV
e5|R|I|cat	REF	e5	0	ADDR	1
e5|R|V|plus	REF	ADDR	0	ADDR	1
e5|R|V|bor	REF	0	0	ADDR	1
e5|R|V|g	REF	ADDR	0	ADDR	1	DIV
e5|R|V|cat	REF	e5	0	ADDR	1
e5|R|D|plus	REF	u	1	ADDR	1
e5|R|D|bor	REF	u	1	ADDR	1
e5|R|D|g	REF	u	1	ADDR	1
e5|R|D|cat	REF	e5	0	u	1
