12x|S|0|plus	99	12	0	12	1	sig=0
12x|S|0|bor	99	12	0	12	1	sig=0
12x|S|0|g	99	99	0	99	1	sig=0
12x|S|0|cat	99	12x	0	12	1	sig=0
12x|S|I|plus	99	12	0	12	1	sig=0
12x|S|I|bor	99	12	0	12	1	sig=0
12x|S|I|g	99	99	0	99	1	sig=0
12x|S|I|cat	99	12x	0	12	1	sig=0
12x|S|V|plus	99	99	0	99	1	sig=0
12x|S|V|bor	99	99	0	99	1	sig=0
12x|S|V|g	99	99	0	99	1	sig=0
12x|S|V|cat	99	12x	0	99	1	sig=0
12x|S|D|plus	99	u	1	99	1	sig=0
12x|S|D|bor	99	u	1	99	1	sig=0
12x|S|D|g	99	u	1	99	1	sig=0
12x|S|D|cat	99	12x	0	u	1	sig=0
12x|N|0|plus		12	0	12	2	sig=0
12x|N|0|bor		12	0	12	2	sig=0
12x|N|0|g						sig=11
12x|N|0|cat		12x	0	12	2	sig=0
12x|N|I|plus		12	0	12	2	sig=0
12x|N|I|bor		12	0	12	2	sig=0
12x|N|I|g						sig=11
12x|N|I|cat		12x	0	12	2	sig=0
12x|N|V|plus		99	0	99	2	sig=0
12x|N|V|bor		99	0	99	2	sig=0
12x|N|V|g						sig=11
12x|N|V|cat		12x	0	99	2	sig=0
12x|N|D|plus	99	u	1	99	1	sig=0
12x|N|D|bor	99	u	1	99	1	sig=0
12x|N|D|g	99	u	1	99	1	sig=0
12x|N|D|cat	99	12x	0	u	1	sig=0
12x|R|0|plus	REF	ADDR	0	ADDR	1	sig=0
12x|R|0|bor	REF	12	0	ADDR	1	sig=0
12x|R|0|g	REF	0	0	ADDR	1	sig=0
12x|R|0|cat	REF	12x	0	ADDR	1	sig=0
12x|R|I|plus	REF	ADDR	0	ADDR	1	sig=0
12x|R|I|bor	REF	12	0	ADDR	1	sig=0
12x|R|I|g	REF	0	0	ADDR	1	sig=0
12x|R|I|cat	REF	12x	0	ADDR	1	sig=0
12x|R|V|plus	REF	ADDR	0	ADDR	1	sig=0
12x|R|V|bor	REF	12	0	ADDR	1	sig=0
12x|R|V|g	REF	0	0	ADDR	1	sig=0
12x|R|V|cat	REF	12x	0	ADDR	1	sig=0
12x|R|D|plus	REF	u	1	ADDR	1	sig=0
12x|R|D|bor	REF	u	1	ADDR	1	sig=0
12x|R|D|g	REF	u	1	ADDR	1	sig=0
12x|R|D|cat	REF	12x	0	u	1	sig=0
12.5x|S|0|plus	99	12.5	0	12.5	1	sig=0
12.5x|S|0|bor	99	12	0	12.5	1	sig=0
12.5x|S|0|g	99	99	0	99	1	sig=0
12.5x|S|0|cat	99	12.5x	0	12.5	1	sig=0
12.5x|S|I|plus	99	12.5	0	12.5	1	sig=0
12.5x|S|I|bor	99	12	0	12.5	1	sig=0
12.5x|S|I|g	99	99	0	99	1	sig=0
12.5x|S|I|cat	99	12.5x	0	12.5	1	sig=0
12.5x|S|V|plus	99	99	0	99	1	sig=0
12.5x|S|V|bor	99	99	0	99	1	sig=0
12.5x|S|V|g	99	99	0	99	1	sig=0
12.5x|S|V|cat	99	12.5x	0	99	1	sig=0
12.5x|S|D|plus	99	u	1	99	1	sig=0
12.5x|S|D|bor	99	u	1	99	1	sig=0
12.5x|S|D|g	99	u	1	99	1	sig=0
12.5x|S|D|cat	99	12.5x	0	u	1	sig=0
12.5x|N|0|plus		12.5	0	12.5	2	sig=0
12.5x|N|0|bor		12	0	12.5	2	sig=0
12.5x|N|0|g						sig=11
12.5x|N|0|cat		12.5x	0	12.5	2	sig=0
12.5x|N|I|plus		12.5	0	12.5	2	sig=0
12.5x|N|I|bor		12	0	12.5	2	sig=0
12.5x|N|I|g						sig=11
12.5x|N|I|cat		12.5x	0	12.5	2	sig=0
12.5x|N|V|plus		99	0	99	2	sig=0
12.5x|N|V|bor		99	0	99	2	sig=0
12.5x|N|V|g						sig=11
12.5x|N|V|cat		12.5x	0	99	2	sig=0
12.5x|N|D|plus	99	u	1	99	1	sig=0
12.5x|N|D|bor	99	u	1	99	1	sig=0
12.5x|N|D|g	99	u	1	99	1	sig=0
12.5x|N|D|cat	99	12.5x	0	u	1	sig=0
12.5x|R|0|plus	REF	ADDR	0	ADDR	1	sig=0
12.5x|R|0|bor	REF	12	0	ADDR	1	sig=0
12.5x|R|0|g	REF	0	0	ADDR	1	sig=0
12.5x|R|0|cat	REF	12.5x	0	ADDR	1	sig=0
12.5x|R|I|plus	REF	ADDR	0	ADDR	1	sig=0
12.5x|R|I|bor	REF	12	0	ADDR	1	sig=0
12.5x|R|I|g	REF	0	0	ADDR	1	sig=0
12.5x|R|I|cat	REF	12.5x	0	ADDR	1	sig=0
12.5x|R|V|plus	REF	ADDR	0	ADDR	1	sig=0
12.5x|R|V|bor	REF	12	0	ADDR	1	sig=0
12.5x|R|V|g	REF	0	0	ADDR	1	sig=0
12.5x|R|V|cat	REF	12.5x	0	ADDR	1	sig=0
12.5x|R|D|plus	REF	u	1	ADDR	1	sig=0
12.5x|R|D|bor	REF	u	1	ADDR	1	sig=0
12.5x|R|D|g	REF	u	1	ADDR	1	sig=0
12.5x|R|D|cat	REF	12.5x	0	u	1	sig=0
 12x|S|0|plus	99	12	0	12	1	sig=0
 12x|S|0|bor	99	12	0	12	1	sig=0
 12x|S|0|g	99	99	0	99	1	sig=0
 12x|S|0|cat	99	 12x	0	12	1	sig=0
 12x|S|I|plus	99	12	0	12	1	sig=0
 12x|S|I|bor	99	12	0	12	1	sig=0
 12x|S|I|g	99	99	0	99	1	sig=0
 12x|S|I|cat	99	 12x	0	12	1	sig=0
 12x|S|V|plus	99	99	0	99	1	sig=0
 12x|S|V|bor	99	99	0	99	1	sig=0
 12x|S|V|g	99	99	0	99	1	sig=0
 12x|S|V|cat	99	 12x	0	99	1	sig=0
 12x|S|D|plus	99	u	1	99	1	sig=0
 12x|S|D|bor	99	u	1	99	1	sig=0
 12x|S|D|g	99	u	1	99	1	sig=0
 12x|S|D|cat	99	 12x	0	u	1	sig=0
 12x|N|0|plus		12	0	12	2	sig=0
 12x|N|0|bor		12	0	12	2	sig=0
 12x|N|0|g						sig=11
 12x|N|0|cat		 12x	0	12	2	sig=0
 12x|N|I|plus		12	0	12	2	sig=0
 12x|N|I|bor		12	0	12	2	sig=0
 12x|N|I|g						sig=11
 12x|N|I|cat		 12x	0	12	2	sig=0
 12x|N|V|plus		99	0	99	2	sig=0
 12x|N|V|bor		99	0	99	2	sig=0
 12x|N|V|g						sig=11
 12x|N|V|cat		 12x	0	99	2	sig=0
 12x|N|D|plus	99	u	1	99	1	sig=0
 12x|N|D|bor	99	u	1	99	1	sig=0
 12x|N|D|g	99	u	1	99	1	sig=0
 12x|N|D|cat	99	 12x	0	u	1	sig=0
 12x|R|0|plus	REF	ADDR	0	ADDR	1	sig=0
 12x|R|0|bor	REF	12	0	ADDR	1	sig=0
 12x|R|0|g	REF	0	0	ADDR	1	sig=0
 12x|R|0|cat	REF	 12x	0	ADDR	1	sig=0
 12x|R|I|plus	REF	ADDR	0	ADDR	1	sig=0
 12x|R|I|bor	REF	12	0	ADDR	1	sig=0
 12x|R|I|g	REF	0	0	ADDR	1	sig=0
 12x|R|I|cat	REF	 12x	0	ADDR	1	sig=0
 12x|R|V|plus	REF	ADDR	0	ADDR	1	sig=0
 12x|R|V|bor	REF	12	0	ADDR	1	sig=0
 12x|R|V|g	REF	0	0	ADDR	1	sig=0
 12x|R|V|cat	REF	 12x	0	ADDR	1	sig=0
 12x|R|D|plus	REF	u	1	ADDR	1	sig=0
 12x|R|D|bor	REF	u	1	ADDR	1	sig=0
 12x|R|D|g	REF	u	1	ADDR	1	sig=0
 12x|R|D|cat	REF	 12x	0	u	1	sig=0
-12x|S|0|plus	99	-12	0	-12	1	sig=0
-12x|S|0|bor	99	18446744073709551604	0	-12	1	sig=0
-12x|S|0|g	99	99	0	99	1	sig=0
-12x|S|0|cat	99	-12x	0	-12	1	sig=0
-12x|S|I|plus	99	-12	0	-12	1	sig=0
-12x|S|I|bor	99	18446744073709551604	0	-12	1	sig=0
-12x|S|I|g	99	99	0	99	1	sig=0
-12x|S|I|cat	99	-12x	0	-12	1	sig=0
-12x|S|V|plus	99	99	0	99	1	sig=0
-12x|S|V|bor	99	99	0	99	1	sig=0
-12x|S|V|g	99	99	0	99	1	sig=0
-12x|S|V|cat	99	-12x	0	99	1	sig=0
-12x|S|D|plus	99	u	1	99	1	sig=0
-12x|S|D|bor	99	u	1	99	1	sig=0
-12x|S|D|g	99	u	1	99	1	sig=0
-12x|S|D|cat	99	-12x	0	u	1	sig=0
-12x|N|0|plus		-12	0	-12	2	sig=0
-12x|N|0|bor		18446744073709551604	0	-12	2	sig=0
-12x|N|0|g						sig=11
-12x|N|0|cat		-12x	0	-12	2	sig=0
-12x|N|I|plus		-12	0	-12	2	sig=0
-12x|N|I|bor		18446744073709551604	0	-12	2	sig=0
-12x|N|I|g						sig=11
-12x|N|I|cat		-12x	0	-12	2	sig=0
-12x|N|V|plus		99	0	99	2	sig=0
-12x|N|V|bor		99	0	99	2	sig=0
-12x|N|V|g						sig=11
-12x|N|V|cat		-12x	0	99	2	sig=0
-12x|N|D|plus	99	u	1	99	1	sig=0
-12x|N|D|bor	99	u	1	99	1	sig=0
-12x|N|D|g	99	u	1	99	1	sig=0
-12x|N|D|cat	99	-12x	0	u	1	sig=0
-12x|R|0|plus	REF	ADDR	0	ADDR	1	sig=0
-12x|R|0|bor	REF	18446744073709551604	0	ADDR	1	sig=0
-12x|R|0|g	REF	0	0	ADDR	1	sig=0
-12x|R|0|cat	REF	-12x	0	ADDR	1	sig=0
-12x|R|I|plus	REF	ADDR	0	ADDR	1	sig=0
-12x|R|I|bor	REF	18446744073709551604	0	ADDR	1	sig=0
-12x|R|I|g	REF	0	0	ADDR	1	sig=0
-12x|R|I|cat	REF	-12x	0	ADDR	1	sig=0
-12x|R|V|plus	REF	ADDR	0	ADDR	1	sig=0
-12x|R|V|bor	REF	18446744073709551604	0	ADDR	1	sig=0
-12x|R|V|g	REF	0	0	ADDR	1	sig=0
-12x|R|V|cat	REF	-12x	0	ADDR	1	sig=0
-12x|R|D|plus	REF	u	1	ADDR	1	sig=0
-12x|R|D|bor	REF	u	1	ADDR	1	sig=0
-12x|R|D|g	REF	u	1	ADDR	1	sig=0
-12x|R|D|cat	REF	-12x	0	u	1	sig=0
+12x|S|0|plus	99	12	0	12	1	sig=0
+12x|S|0|bor	99	12	0	12	1	sig=0
+12x|S|0|g	99	99	0	99	1	sig=0
+12x|S|0|cat	99	+12x	0	12	1	sig=0
+12x|S|I|plus	99	12	0	12	1	sig=0
+12x|S|I|bor	99	12	0	12	1	sig=0
+12x|S|I|g	99	99	0	99	1	sig=0
+12x|S|I|cat	99	+12x	0	12	1	sig=0
+12x|S|V|plus	99	99	0	99	1	sig=0
+12x|S|V|bor	99	99	0	99	1	sig=0
+12x|S|V|g	99	99	0	99	1	sig=0
+12x|S|V|cat	99	+12x	0	99	1	sig=0
+12x|S|D|plus	99	u	1	99	1	sig=0
+12x|S|D|bor	99	u	1	99	1	sig=0
+12x|S|D|g	99	u	1	99	1	sig=0
+12x|S|D|cat	99	+12x	0	u	1	sig=0
+12x|N|0|plus		12	0	12	2	sig=0
+12x|N|0|bor		12	0	12	2	sig=0
+12x|N|0|g						sig=11
+12x|N|0|cat		+12x	0	12	2	sig=0
+12x|N|I|plus		12	0	12	2	sig=0
+12x|N|I|bor		12	0	12	2	sig=0
+12x|N|I|g						sig=11
+12x|N|I|cat		+12x	0	12	2	sig=0
+12x|N|V|plus		99	0	99	2	sig=0
+12x|N|V|bor		99	0	99	2	sig=0
+12x|N|V|g						sig=11
+12x|N|V|cat		+12x	0	99	2	sig=0
+12x|N|D|plus	99	u	1	99	1	sig=0
+12x|N|D|bor	99	u	1	99	1	sig=0
+12x|N|D|g	99	u	1	99	1	sig=0
+12x|N|D|cat	99	+12x	0	u	1	sig=0
+12x|R|0|plus	REF	ADDR	0	ADDR	1	sig=0
+12x|R|0|bor	REF	12	0	ADDR	1	sig=0
+12x|R|0|g	REF	0	0	ADDR	1	sig=0
+12x|R|0|cat	REF	+12x	0	ADDR	1	sig=0
+12x|R|I|plus	REF	ADDR	0	ADDR	1	sig=0
+12x|R|I|bor	REF	12	0	ADDR	1	sig=0
+12x|R|I|g	REF	0	0	ADDR	1	sig=0
+12x|R|I|cat	REF	+12x	0	ADDR	1	sig=0
+12x|R|V|plus	REF	ADDR	0	ADDR	1	sig=0
+12x|R|V|bor	REF	12	0	ADDR	1	sig=0
+12x|R|V|g	REF	0	0	ADDR	1	sig=0
+12x|R|V|cat	REF	+12x	0	ADDR	1	sig=0
+12x|R|D|plus	REF	u	1	ADDR	1	sig=0
+12x|R|D|bor	REF	u	1	ADDR	1	sig=0
+12x|R|D|g	REF	u	1	ADDR	1	sig=0
+12x|R|D|cat	REF	+12x	0	u	1	sig=0
abc|S|0|plus	99	0	0	0	1	sig=0
abc|S|0|bor	99	0	0	0	1	sig=0
abc|S|0|g	99	99	0	99	1	sig=0
abc|S|0|cat	99	abc	0	0	1	sig=0
abc|S|I|plus	99	0	0	0	1	sig=0
abc|S|I|bor	99	0	0	0	1	sig=0
abc|S|I|g	99	99	0	99	1	sig=0
abc|S|I|cat	99	abc	0	0	1	sig=0
abc|S|V|plus	99	99	0	99	1	sig=0
abc|S|V|bor	99	99	0	99	1	sig=0
abc|S|V|g	99	99	0	99	1	sig=0
abc|S|V|cat	99	abc	0	99	1	sig=0
abc|S|D|plus	99	u	1	99	1	sig=0
abc|S|D|bor	99	u	1	99	1	sig=0
abc|S|D|g	99	u	1	99	1	sig=0
abc|S|D|cat	99	abc	0	u	1	sig=0
abc|N|0|plus		0	0	0	2	sig=0
abc|N|0|bor		0	0	0	2	sig=0
abc|N|0|g						sig=11
abc|N|0|cat		abc	0	0	2	sig=0
abc|N|I|plus		0	0	0	2	sig=0
abc|N|I|bor		0	0	0	2	sig=0
abc|N|I|g						sig=11
abc|N|I|cat		abc	0	0	2	sig=0
abc|N|V|plus		99	0	99	2	sig=0
abc|N|V|bor		99	0	99	2	sig=0
abc|N|V|g						sig=11
abc|N|V|cat		abc	0	99	2	sig=0
abc|N|D|plus	99	u	1	99	1	sig=0
abc|N|D|bor	99	u	1	99	1	sig=0
abc|N|D|g	99	u	1	99	1	sig=0
abc|N|D|cat	99	abc	0	u	1	sig=0
abc|R|0|plus	REF	ADDR	0	ADDR	1	sig=0
abc|R|0|bor	REF	0	0	ADDR	1	sig=0
abc|R|0|g	REF	0	0	ADDR	1	sig=0
abc|R|0|cat	REF	abc	0	ADDR	1	sig=0
abc|R|I|plus	REF	ADDR	0	ADDR	1	sig=0
abc|R|I|bor	REF	0	0	ADDR	1	sig=0
abc|R|I|g	REF	0	0	ADDR	1	sig=0
abc|R|I|cat	REF	abc	0	ADDR	1	sig=0
abc|R|V|plus	REF	ADDR	0	ADDR	1	sig=0
abc|R|V|bor	REF	0	0	ADDR	1	sig=0
abc|R|V|g	REF	0	0	ADDR	1	sig=0
abc|R|V|cat	REF	abc	0	ADDR	1	sig=0
abc|R|D|plus	REF	u	1	ADDR	1	sig=0
abc|R|D|bor	REF	u	1	ADDR	1	sig=0
abc|R|D|g	REF	u	1	ADDR	1	sig=0
abc|R|D|cat	REF	abc	0	u	1	sig=0
|S|0|plus	99	0	0	0	1	sig=0
|S|0|bor	99	0	0	0	1	sig=0
|S|0|g	99	99	0	99	1	sig=0
|S|0|cat	99		0	0	1	sig=0
|S|I|plus	99	0	0	0	1	sig=0
|S|I|bor	99	0	0	0	1	sig=0
|S|I|g	99	99	0	99	1	sig=0
|S|I|cat	99		0	0	1	sig=0
|S|V|plus	99	99	0	99	1	sig=0
|S|V|bor	99	99	0	99	1	sig=0
|S|V|g	99	99	0	99	1	sig=0
|S|V|cat	99		0	99	1	sig=0
|S|D|plus	99	u	1	99	1	sig=0
|S|D|bor	99	u	1	99	1	sig=0
|S|D|g	99	u	1	99	1	sig=0
|S|D|cat	99		0	u	1	sig=0
|N|0|plus		0	0	0	2	sig=0
|N|0|bor		0	0	0	2	sig=0
|N|0|g						sig=11
|N|0|cat			0	0	2	sig=0
|N|I|plus		0	0	0	2	sig=0
|N|I|bor		0	0	0	2	sig=0
|N|I|g						sig=11
|N|I|cat			0	0	2	sig=0
|N|V|plus		99	0	99	2	sig=0
|N|V|bor		99	0	99	2	sig=0
|N|V|g						sig=11
|N|V|cat			0	99	2	sig=0
|N|D|plus	99	u	1	99	1	sig=0
|N|D|bor	99	u	1	99	1	sig=0
|N|D|g	99	u	1	99	1	sig=0
|N|D|cat	99		0	u	1	sig=0
|R|0|plus	REF	ADDR	0	ADDR	1	sig=0
|R|0|bor	REF	0	0	ADDR	1	sig=0
|R|0|g	REF	0	0	ADDR	1	sig=0
|R|0|cat	REF		0	ADDR	1	sig=0
|R|I|plus	REF	ADDR	0	ADDR	1	sig=0
|R|I|bor	REF	0	0	ADDR	1	sig=0
|R|I|g	REF	0	0	ADDR	1	sig=0
|R|I|cat	REF		0	ADDR	1	sig=0
|R|V|plus	REF	ADDR	0	ADDR	1	sig=0
|R|V|bor	REF	0	0	ADDR	1	sig=0
|R|V|g	REF	0	0	ADDR	1	sig=0
|R|V|cat	REF		0	ADDR	1	sig=0
|R|D|plus	REF	u	1	ADDR	1	sig=0
|R|D|bor	REF	u	1	ADDR	1	sig=0
|R|D|g	REF	u	1	ADDR	1	sig=0
|R|D|cat	REF		0	u	1	sig=0
.|S|0|plus	99	0	0	0	1	sig=0
.|S|0|bor	99	0	0	0	1	sig=0
.|S|0|g	99	99	0	99	1	sig=0
.|S|0|cat	99	.	0	0	1	sig=0
.|S|I|plus	99	0	0	0	1	sig=0
.|S|I|bor	99	0	0	0	1	sig=0
.|S|I|g	99	99	0	99	1	sig=0
.|S|I|cat	99	.	0	0	1	sig=0
.|S|V|plus	99	99	0	99	1	sig=0
.|S|V|bor	99	99	0	99	1	sig=0
.|S|V|g	99	99	0	99	1	sig=0
.|S|V|cat	99	.	0	99	1	sig=0
.|S|D|plus	99	u	1	99	1	sig=0
.|S|D|bor	99	u	1	99	1	sig=0
.|S|D|g	99	u	1	99	1	sig=0
.|S|D|cat	99	.	0	u	1	sig=0
.|N|0|plus		0	0	0	2	sig=0
.|N|0|bor		0	0	0	2	sig=0
.|N|0|g						sig=11
.|N|0|cat		.	0	0	2	sig=0
.|N|I|plus		0	0	0	2	sig=0
.|N|I|bor		0	0	0	2	sig=0
.|N|I|g						sig=11
.|N|I|cat		.	0	0	2	sig=0
.|N|V|plus		99	0	99	2	sig=0
.|N|V|bor		99	0	99	2	sig=0
.|N|V|g						sig=11
.|N|V|cat		.	0	99	2	sig=0
.|N|D|plus	99	u	1	99	1	sig=0
.|N|D|bor	99	u	1	99	1	sig=0
.|N|D|g	99	u	1	99	1	sig=0
.|N|D|cat	99	.	0	u	1	sig=0
.|R|0|plus	REF	ADDR	0	ADDR	1	sig=0
.|R|0|bor	REF	0	0	ADDR	1	sig=0
.|R|0|g	REF	0	0	ADDR	1	sig=0
.|R|0|cat	REF	.	0	ADDR	1	sig=0
.|R|I|plus	REF	ADDR	0	ADDR	1	sig=0
.|R|I|bor	REF	0	0	ADDR	1	sig=0
.|R|I|g	REF	0	0	ADDR	1	sig=0
.|R|I|cat	REF	.	0	ADDR	1	sig=0
.|R|V|plus	REF	ADDR	0	ADDR	1	sig=0
.|R|V|bor	REF	0	0	ADDR	1	sig=0
.|R|V|g	REF	0	0	ADDR	1	sig=0
.|R|V|cat	REF	.	0	ADDR	1	sig=0
.|R|D|plus	REF	u	1	ADDR	1	sig=0
.|R|D|bor	REF	u	1	ADDR	1	sig=0
.|R|D|g	REF	u	1	ADDR	1	sig=0
.|R|D|cat	REF	.	0	u	1	sig=0
12e|S|0|plus	99	12	0	12	1	sig=0
12e|S|0|bor	99	12	0	12	1	sig=0
12e|S|0|g	99	99	0	99	1	sig=0
12e|S|0|cat	99	12e	0	12	1	sig=0
12e|S|I|plus	99	12	0	12	1	sig=0
12e|S|I|bor	99	12	0	12	1	sig=0
12e|S|I|g	99	99	0	99	1	sig=0
12e|S|I|cat	99	12e	0	12	1	sig=0
12e|S|V|plus	99	99	0	99	1	sig=0
12e|S|V|bor	99	99	0	99	1	sig=0
12e|S|V|g	99	99	0	99	1	sig=0
12e|S|V|cat	99	12e	0	99	1	sig=0
12e|S|D|plus	99	u	1	99	1	sig=0
12e|S|D|bor	99	u	1	99	1	sig=0
12e|S|D|g	99	u	1	99	1	sig=0
12e|S|D|cat	99	12e	0	u	1	sig=0
12e|N|0|plus		12	0	12	2	sig=0
12e|N|0|bor		12	0	12	2	sig=0
12e|N|0|g						sig=11
12e|N|0|cat		12e	0	12	2	sig=0
12e|N|I|plus		12	0	12	2	sig=0
12e|N|I|bor		12	0	12	2	sig=0
12e|N|I|g						sig=11
12e|N|I|cat		12e	0	12	2	sig=0
12e|N|V|plus		99	0	99	2	sig=0
12e|N|V|bor		99	0	99	2	sig=0
12e|N|V|g						sig=11
12e|N|V|cat		12e	0	99	2	sig=0
12e|N|D|plus	99	u	1	99	1	sig=0
12e|N|D|bor	99	u	1	99	1	sig=0
12e|N|D|g	99	u	1	99	1	sig=0
12e|N|D|cat	99	12e	0	u	1	sig=0
12e|R|0|plus	REF	ADDR	0	ADDR	1	sig=0
12e|R|0|bor	REF	12	0	ADDR	1	sig=0
12e|R|0|g	REF	0	0	ADDR	1	sig=0
12e|R|0|cat	REF	12e	0	ADDR	1	sig=0
12e|R|I|plus	REF	ADDR	0	ADDR	1	sig=0
12e|R|I|bor	REF	12	0	ADDR	1	sig=0
12e|R|I|g	REF	0	0	ADDR	1	sig=0
12e|R|I|cat	REF	12e	0	ADDR	1	sig=0
12e|R|V|plus	REF	ADDR	0	ADDR	1	sig=0
12e|R|V|bor	REF	12	0	ADDR	1	sig=0
12e|R|V|g	REF	0	0	ADDR	1	sig=0
12e|R|V|cat	REF	12e	0	ADDR	1	sig=0
12e|R|D|plus	REF	u	1	ADDR	1	sig=0
12e|R|D|bor	REF	u	1	ADDR	1	sig=0
12e|R|D|g	REF	u	1	ADDR	1	sig=0
12e|R|D|cat	REF	12e	0	u	1	sig=0
.5x|S|0|plus	99	0.5	0	0.5	1	sig=0
.5x|S|0|bor	99	0	0	0.5	1	sig=0
.5x|S|0|g	99	99	0	99	1	sig=0
.5x|S|0|cat	99	.5x	0	0.5	1	sig=0
.5x|S|I|plus	99	0.5	0	0.5	1	sig=0
.5x|S|I|bor	99	0	0	0.5	1	sig=0
.5x|S|I|g	99	99	0	99	1	sig=0
.5x|S|I|cat	99	.5x	0	0.5	1	sig=0
.5x|S|V|plus	99	99	0	99	1	sig=0
.5x|S|V|bor	99	99	0	99	1	sig=0
.5x|S|V|g	99	99	0	99	1	sig=0
.5x|S|V|cat	99	.5x	0	99	1	sig=0
.5x|S|D|plus	99	u	1	99	1	sig=0
.5x|S|D|bor	99	u	1	99	1	sig=0
.5x|S|D|g	99	u	1	99	1	sig=0
.5x|S|D|cat	99	.5x	0	u	1	sig=0
.5x|N|0|plus		0.5	0	0.5	2	sig=0
.5x|N|0|bor		0	0	0.5	2	sig=0
.5x|N|0|g						sig=11
.5x|N|0|cat		.5x	0	0.5	2	sig=0
.5x|N|I|plus		0.5	0	0.5	2	sig=0
.5x|N|I|bor		0	0	0.5	2	sig=0
.5x|N|I|g						sig=11
.5x|N|I|cat		.5x	0	0.5	2	sig=0
.5x|N|V|plus		99	0	99	2	sig=0
.5x|N|V|bor		99	0	99	2	sig=0
.5x|N|V|g						sig=11
.5x|N|V|cat		.5x	0	99	2	sig=0
.5x|N|D|plus	99	u	1	99	1	sig=0
.5x|N|D|bor	99	u	1	99	1	sig=0
.5x|N|D|g	99	u	1	99	1	sig=0
.5x|N|D|cat	99	.5x	0	u	1	sig=0
.5x|R|0|plus	REF	ADDR	0	ADDR	1	sig=0
.5x|R|0|bor	REF	0	0	ADDR	1	sig=0
.5x|R|0|g	REF	0	0	ADDR	1	sig=0
.5x|R|0|cat	REF	.5x	0	ADDR	1	sig=0
.5x|R|I|plus	REF	ADDR	0	ADDR	1	sig=0
.5x|R|I|bor	REF	0	0	ADDR	1	sig=0
.5x|R|I|g	REF	0	0	ADDR	1	sig=0
.5x|R|I|cat	REF	.5x	0	ADDR	1	sig=0
.5x|R|V|plus	REF	ADDR	0	ADDR	1	sig=0
.5x|R|V|bor	REF	0	0	ADDR	1	sig=0
.5x|R|V|g	REF	0	0	ADDR	1	sig=0
.5x|R|V|cat	REF	.5x	0	ADDR	1	sig=0
.5x|R|D|plus	REF	u	1	ADDR	1	sig=0
.5x|R|D|bor	REF	u	1	ADDR	1	sig=0
.5x|R|D|g	REF	u	1	ADDR	1	sig=0
.5x|R|D|cat	REF	.5x	0	u	1	sig=0
0x10|S|0|plus	99	0	0	0	1	sig=0
0x10|S|0|bor	99	0	0	0	1	sig=0
0x10|S|0|g	99	99	0	99	1	sig=0
0x10|S|0|cat	99	0x10	0	0	1	sig=0
0x10|S|I|plus	99	0	0	0	1	sig=0
0x10|S|I|bor	99	0	0	0	1	sig=0
0x10|S|I|g	99	99	0	99	1	sig=0
0x10|S|I|cat	99	0x10	0	0	1	sig=0
0x10|S|V|plus	99	99	0	99	1	sig=0
0x10|S|V|bor	99	99	0	99	1	sig=0
0x10|S|V|g	99	99	0	99	1	sig=0
0x10|S|V|cat	99	0x10	0	99	1	sig=0
0x10|S|D|plus	99	u	1	99	1	sig=0
0x10|S|D|bor	99	u	1	99	1	sig=0
0x10|S|D|g	99	u	1	99	1	sig=0
0x10|S|D|cat	99	0x10	0	u	1	sig=0
0x10|N|0|plus		0	0	0	2	sig=0
0x10|N|0|bor		0	0	0	2	sig=0
0x10|N|0|g						sig=11
0x10|N|0|cat		0x10	0	0	2	sig=0
0x10|N|I|plus		0	0	0	2	sig=0
0x10|N|I|bor		0	0	0	2	sig=0
0x10|N|I|g						sig=11
0x10|N|I|cat		0x10	0	0	2	sig=0
0x10|N|V|plus		99	0	99	2	sig=0
0x10|N|V|bor		99	0	99	2	sig=0
0x10|N|V|g						sig=11
0x10|N|V|cat		0x10	0	99	2	sig=0
0x10|N|D|plus	99	u	1	99	1	sig=0
0x10|N|D|bor	99	u	1	99	1	sig=0
0x10|N|D|g	99	u	1	99	1	sig=0
0x10|N|D|cat	99	0x10	0	u	1	sig=0
0x10|R|0|plus	REF	ADDR	0	ADDR	1	sig=0
0x10|R|0|bor	REF	0	0	ADDR	1	sig=0
0x10|R|0|g	REF	0	0	ADDR	1	sig=0
0x10|R|0|cat	REF	0x10	0	ADDR	1	sig=0
0x10|R|I|plus	REF	ADDR	0	ADDR	1	sig=0
0x10|R|I|bor	REF	0	0	ADDR	1	sig=0
0x10|R|I|g	REF	0	0	ADDR	1	sig=0
0x10|R|I|cat	REF	0x10	0	ADDR	1	sig=0
0x10|R|V|plus	REF	ADDR	0	ADDR	1	sig=0
0x10|R|V|bor	REF	0	0	ADDR	1	sig=0
0x10|R|V|g	REF	0	0	ADDR	1	sig=0
0x10|R|V|cat	REF	0x10	0	ADDR	1	sig=0
0x10|R|D|plus	REF	u	1	ADDR	1	sig=0
0x10|R|D|bor	REF	u	1	ADDR	1	sig=0
0x10|R|D|g	REF	u	1	ADDR	1	sig=0
0x10|R|D|cat	REF	0x10	0	u	1	sig=0
1e5x|S|0|plus	99	100000	0	100000	1	sig=0
1e5x|S|0|bor	99	100000	0	100000	1	sig=0
1e5x|S|0|g	99	99	0	99	1	sig=0
1e5x|S|0|cat	99	1e5x	0	100000	1	sig=0
1e5x|S|I|plus	99	100000	0	100000	1	sig=0
1e5x|S|I|bor	99	100000	0	100000	1	sig=0
1e5x|S|I|g	99	99	0	99	1	sig=0
1e5x|S|I|cat	99	1e5x	0	100000	1	sig=0
1e5x|S|V|plus	99	99	0	99	1	sig=0
1e5x|S|V|bor	99	99	0	99	1	sig=0
1e5x|S|V|g	99	99	0	99	1	sig=0
1e5x|S|V|cat	99	1e5x	0	99	1	sig=0
1e5x|S|D|plus	99	u	1	99	1	sig=0
1e5x|S|D|bor	99	u	1	99	1	sig=0
1e5x|S|D|g	99	u	1	99	1	sig=0
1e5x|S|D|cat	99	1e5x	0	u	1	sig=0
1e5x|N|0|plus		100000	0	100000	2	sig=0
1e5x|N|0|bor		100000	0	100000	2	sig=0
1e5x|N|0|g						sig=11
1e5x|N|0|cat		1e5x	0	100000	2	sig=0
1e5x|N|I|plus		100000	0	100000	2	sig=0
1e5x|N|I|bor		100000	0	100000	2	sig=0
1e5x|N|I|g						sig=11
1e5x|N|I|cat		1e5x	0	100000	2	sig=0
1e5x|N|V|plus		99	0	99	2	sig=0
1e5x|N|V|bor		99	0	99	2	sig=0
1e5x|N|V|g						sig=11
1e5x|N|V|cat		1e5x	0	99	2	sig=0
1e5x|N|D|plus	99	u	1	99	1	sig=0
1e5x|N|D|bor	99	u	1	99	1	sig=0
1e5x|N|D|g	99	u	1	99	1	sig=0
1e5x|N|D|cat	99	1e5x	0	u	1	sig=0
1e5x|R|0|plus	REF	ADDR	0	ADDR	1	sig=0
1e5x|R|0|bor	REF	100000	0	ADDR	1	sig=0
1e5x|R|0|g	REF	0	0	ADDR	1	sig=0
1e5x|R|0|cat	REF	1e5x	0	ADDR	1	sig=0
1e5x|R|I|plus	REF	ADDR	0	ADDR	1	sig=0
1e5x|R|I|bor	REF	100000	0	ADDR	1	sig=0
1e5x|R|I|g	REF	0	0	ADDR	1	sig=0
1e5x|R|I|cat	REF	1e5x	0	ADDR	1	sig=0
1e5x|R|V|plus	REF	ADDR	0	ADDR	1	sig=0
1e5x|R|V|bor	REF	100000	0	ADDR	1	sig=0
1e5x|R|V|g	REF	0	0	ADDR	1	sig=0
1e5x|R|V|cat	REF	1e5x	0	ADDR	1	sig=0
1e5x|R|D|plus	REF	u	1	ADDR	1	sig=0
1e5x|R|D|bor	REF	u	1	ADDR	1	sig=0
1e5x|R|D|g	REF	u	1	ADDR	1	sig=0
1e5x|R|D|cat	REF	1e5x	0	u	1	sig=0
99999999999999999999x|S|0|plus	99	1e+20	0	1e+20	1	sig=0
99999999999999999999x|S|0|bor	99	18446744073709551615	0	1e+20	1	sig=0
99999999999999999999x|S|0|g	99	99	0	99	1	sig=0
99999999999999999999x|S|0|cat	99	99999999999999999999x	0	1e+20	1	sig=0
99999999999999999999x|S|I|plus	99	1e+20	0	1e+20	1	sig=0
99999999999999999999x|S|I|bor	99	18446744073709551615	0	1e+20	1	sig=0
99999999999999999999x|S|I|g	99	99	0	99	1	sig=0
99999999999999999999x|S|I|cat	99	99999999999999999999x	0	1e+20	1	sig=0
99999999999999999999x|S|V|plus	99	99	0	99	1	sig=0
99999999999999999999x|S|V|bor	99	99	0	99	1	sig=0
99999999999999999999x|S|V|g	99	99	0	99	1	sig=0
99999999999999999999x|S|V|cat	99	99999999999999999999x	0	99	1	sig=0
99999999999999999999x|S|D|plus	99	u	1	99	1	sig=0
99999999999999999999x|S|D|bor	99	u	1	99	1	sig=0
99999999999999999999x|S|D|g	99	u	1	99	1	sig=0
99999999999999999999x|S|D|cat	99	99999999999999999999x	0	u	1	sig=0
99999999999999999999x|N|0|plus		1e+20	0	1e+20	2	sig=0
99999999999999999999x|N|0|bor		18446744073709551615	0	1e+20	2	sig=0
99999999999999999999x|N|0|g						sig=11
99999999999999999999x|N|0|cat		99999999999999999999x	0	1e+20	2	sig=0
99999999999999999999x|N|I|plus		1e+20	0	1e+20	2	sig=0
99999999999999999999x|N|I|bor		18446744073709551615	0	1e+20	2	sig=0
99999999999999999999x|N|I|g						sig=11
99999999999999999999x|N|I|cat		99999999999999999999x	0	1e+20	2	sig=0
99999999999999999999x|N|V|plus		99	0	99	2	sig=0
99999999999999999999x|N|V|bor		99	0	99	2	sig=0
99999999999999999999x|N|V|g						sig=11
99999999999999999999x|N|V|cat		99999999999999999999x	0	99	2	sig=0
99999999999999999999x|N|D|plus	99	u	1	99	1	sig=0
99999999999999999999x|N|D|bor	99	u	1	99	1	sig=0
99999999999999999999x|N|D|g	99	u	1	99	1	sig=0
99999999999999999999x|N|D|cat	99	99999999999999999999x	0	u	1	sig=0
99999999999999999999x|R|0|plus	REF	ADDR	0	ADDR	1	sig=0
99999999999999999999x|R|0|bor	REF	18446744073709551615	0	ADDR	1	sig=0
99999999999999999999x|R|0|g	REF	0	0	ADDR	1	sig=0
99999999999999999999x|R|0|cat	REF	99999999999999999999x	0	ADDR	1	sig=0
99999999999999999999x|R|I|plus	REF	ADDR	0	ADDR	1	sig=0
99999999999999999999x|R|I|bor	REF	18446744073709551615	0	ADDR	1	sig=0
99999999999999999999x|R|I|g	REF	0	0	ADDR	1	sig=0
99999999999999999999x|R|I|cat	REF	99999999999999999999x	0	ADDR	1	sig=0
99999999999999999999x|R|V|plus	REF	ADDR	0	ADDR	1	sig=0
99999999999999999999x|R|V|bor	REF	18446744073709551615	0	ADDR	1	sig=0
99999999999999999999x|R|V|g	REF	0	0	ADDR	1	sig=0
99999999999999999999x|R|V|cat	REF	99999999999999999999x	0	ADDR	1	sig=0
99999999999999999999x|R|D|plus	REF	u	1	ADDR	1	sig=0
99999999999999999999x|R|D|bor	REF	u	1	ADDR	1	sig=0
99999999999999999999x|R|D|g	REF	u	1	ADDR	1	sig=0
99999999999999999999x|R|D|cat	REF	99999999999999999999x	0	u	1	sig=0
infx|S|0|plus	99	Inf	0	Inf	1	sig=0
infx|S|0|bor	99	18446744073709551615	0	Inf	1	sig=0
infx|S|0|g	99	99	0	99	1	sig=0
infx|S|0|cat	99	infx	0	Inf	1	sig=0
infx|S|I|plus	99	Inf	0	Inf	1	sig=0
infx|S|I|bor	99	18446744073709551615	0	Inf	1	sig=0
infx|S|I|g	99	99	0	99	1	sig=0
infx|S|I|cat	99	infx	0	Inf	1	sig=0
infx|S|V|plus	99	99	0	99	1	sig=0
infx|S|V|bor	99	99	0	99	1	sig=0
infx|S|V|g	99	99	0	99	1	sig=0
infx|S|V|cat	99	infx	0	99	1	sig=0
infx|S|D|plus	99	u	1	99	1	sig=0
infx|S|D|bor	99	u	1	99	1	sig=0
infx|S|D|g	99	u	1	99	1	sig=0
infx|S|D|cat	99	infx	0	u	1	sig=0
infx|N|0|plus		Inf	0	Inf	2	sig=0
infx|N|0|bor		18446744073709551615	0	Inf	2	sig=0
infx|N|0|g						sig=11
infx|N|0|cat		infx	0	Inf	2	sig=0
infx|N|I|plus		Inf	0	Inf	2	sig=0
infx|N|I|bor		18446744073709551615	0	Inf	2	sig=0
infx|N|I|g						sig=11
infx|N|I|cat		infx	0	Inf	2	sig=0
infx|N|V|plus		99	0	99	2	sig=0
infx|N|V|bor		99	0	99	2	sig=0
infx|N|V|g						sig=11
infx|N|V|cat		infx	0	99	2	sig=0
infx|N|D|plus	99	u	1	99	1	sig=0
infx|N|D|bor	99	u	1	99	1	sig=0
infx|N|D|g	99	u	1	99	1	sig=0
infx|N|D|cat	99	infx	0	u	1	sig=0
infx|R|0|plus	REF	ADDR	0	ADDR	1	sig=0
infx|R|0|bor	REF	18446744073709551615	0	ADDR	1	sig=0
infx|R|0|g	REF	0	0	ADDR	1	sig=0
infx|R|0|cat	REF	infx	0	ADDR	1	sig=0
infx|R|I|plus	REF	ADDR	0	ADDR	1	sig=0
infx|R|I|bor	REF	18446744073709551615	0	ADDR	1	sig=0
infx|R|I|g	REF	0	0	ADDR	1	sig=0
infx|R|I|cat	REF	infx	0	ADDR	1	sig=0
infx|R|V|plus	REF	ADDR	0	ADDR	1	sig=0
infx|R|V|bor	REF	18446744073709551615	0	ADDR	1	sig=0
infx|R|V|g	REF	0	0	ADDR	1	sig=0
infx|R|V|cat	REF	infx	0	ADDR	1	sig=0
infx|R|D|plus	REF	u	1	ADDR	1	sig=0
infx|R|D|bor	REF	u	1	ADDR	1	sig=0
infx|R|D|g	REF	u	1	ADDR	1	sig=0
infx|R|D|cat	REF	infx	0	u	1	sig=0
nanx|S|0|plus	99	NaN	0	NaN	1	sig=0
nanx|S|0|bor	99	0	0	NaN	1	sig=0
nanx|S|0|g	99	99	0	99	1	sig=0
nanx|S|0|cat	99	nanx	0	NaN	1	sig=0
nanx|S|I|plus	99	NaN	0	NaN	1	sig=0
nanx|S|I|bor	99	0	0	NaN	1	sig=0
nanx|S|I|g	99	99	0	99	1	sig=0
nanx|S|I|cat	99	nanx	0	NaN	1	sig=0
nanx|S|V|plus	99	99	0	99	1	sig=0
nanx|S|V|bor	99	99	0	99	1	sig=0
nanx|S|V|g	99	99	0	99	1	sig=0
nanx|S|V|cat	99	nanx	0	99	1	sig=0
nanx|S|D|plus	99	u	1	99	1	sig=0
nanx|S|D|bor	99	u	1	99	1	sig=0
nanx|S|D|g	99	u	1	99	1	sig=0
nanx|S|D|cat	99	nanx	0	u	1	sig=0
nanx|N|0|plus		NaN	0	NaN	2	sig=0
nanx|N|0|bor		0	0	NaN	2	sig=0
nanx|N|0|g						sig=11
nanx|N|0|cat		nanx	0	NaN	2	sig=0
nanx|N|I|plus		NaN	0	NaN	2	sig=0
nanx|N|I|bor		0	0	NaN	2	sig=0
nanx|N|I|g						sig=11
nanx|N|I|cat		nanx	0	NaN	2	sig=0
nanx|N|V|plus		99	0	99	2	sig=0
nanx|N|V|bor		99	0	99	2	sig=0
nanx|N|V|g						sig=11
nanx|N|V|cat		nanx	0	99	2	sig=0
nanx|N|D|plus	99	u	1	99	1	sig=0
nanx|N|D|bor	99	u	1	99	1	sig=0
nanx|N|D|g	99	u	1	99	1	sig=0
nanx|N|D|cat	99	nanx	0	u	1	sig=0
nanx|R|0|plus	REF	ADDR	0	ADDR	1	sig=0
nanx|R|0|bor	REF	0	0	ADDR	1	sig=0
nanx|R|0|g	REF	0	0	ADDR	1	sig=0
nanx|R|0|cat	REF	nanx	0	ADDR	1	sig=0
nanx|R|I|plus	REF	ADDR	0	ADDR	1	sig=0
nanx|R|I|bor	REF	0	0	ADDR	1	sig=0
nanx|R|I|g	REF	0	0	ADDR	1	sig=0
nanx|R|I|cat	REF	nanx	0	ADDR	1	sig=0
nanx|R|V|plus	REF	ADDR	0	ADDR	1	sig=0
nanx|R|V|bor	REF	0	0	ADDR	1	sig=0
nanx|R|V|g	REF	0	0	ADDR	1	sig=0
nanx|R|V|cat	REF	nanx	0	ADDR	1	sig=0
nanx|R|D|plus	REF	u	1	ADDR	1	sig=0
nanx|R|D|bor	REF	u	1	ADDR	1	sig=0
nanx|R|D|g	REF	u	1	ADDR	1	sig=0
nanx|R|D|cat	REF	nanx	0	u	1	sig=0
12 |S|0|plus	12 	12	0	12	0	sig=0
12 |S|0|bor	12 	12	0	12	0	sig=0
12 |S|0|g	12 	12	0	12	0	sig=0
12 |S|0|cat	12 	12 	0	12	0	sig=0
12 |S|I|plus	12 	12	0	12	0	sig=0
12 |S|I|bor	12 	12	0	12	0	sig=0
12 |S|I|g	12 	12	0	12	0	sig=0
12 |S|I|cat	12 	12 	0	12	0	sig=0
12 |S|V|plus	12 	12	0	12	0	sig=0
12 |S|V|bor	12 	12	0	12	0	sig=0
12 |S|V|g	12 	12	0	12	0	sig=0
12 |S|V|cat	12 	12 	0	12	0	sig=0
12 |S|D|plus	12 	12	0	12	0	sig=0
12 |S|D|bor	12 	12	0	12	0	sig=0
12 |S|D|g	12 	12	0	12	0	sig=0
12 |S|D|cat	12 	12 	0	12	0	sig=0
12 |N|0|plus	12 	12	0	12	0	sig=0
12 |N|0|bor	12 	12	0	12	0	sig=0
12 |N|0|g	12 	12	0	12	0	sig=0
12 |N|0|cat	12 	12 	0	12	0	sig=0
12 |N|I|plus	12 	12	0	12	0	sig=0
12 |N|I|bor	12 	12	0	12	0	sig=0
12 |N|I|g	12 	12	0	12	0	sig=0
12 |N|I|cat	12 	12 	0	12	0	sig=0
12 |N|V|plus	12 	12	0	12	0	sig=0
12 |N|V|bor	12 	12	0	12	0	sig=0
12 |N|V|g	12 	12	0	12	0	sig=0
12 |N|V|cat	12 	12 	0	12	0	sig=0
12 |N|D|plus	12 	12	0	12	0	sig=0
12 |N|D|bor	12 	12	0	12	0	sig=0
12 |N|D|g	12 	12	0	12	0	sig=0
12 |N|D|cat	12 	12 	0	12	0	sig=0
12 |R|0|plus	12 	12	0	12	0	sig=0
12 |R|0|bor	12 	12	0	12	0	sig=0
12 |R|0|g	12 	12	0	12	0	sig=0
12 |R|0|cat	12 	12 	0	12	0	sig=0
12 |R|I|plus	12 	12	0	12	0	sig=0
12 |R|I|bor	12 	12	0	12	0	sig=0
12 |R|I|g	12 	12	0	12	0	sig=0
12 |R|I|cat	12 	12 	0	12	0	sig=0
12 |R|V|plus	12 	12	0	12	0	sig=0
12 |R|V|bor	12 	12	0	12	0	sig=0
12 |R|V|g	12 	12	0	12	0	sig=0
12 |R|V|cat	12 	12 	0	12	0	sig=0
12 |R|D|plus	12 	12	0	12	0	sig=0
12 |R|D|bor	12 	12	0	12	0	sig=0
12 |R|D|g	12 	12	0	12	0	sig=0
12 |R|D|cat	12 	12 	0	12	0	sig=0
-0x|S|0|plus	99	0	0	0	1	sig=0
-0x|S|0|bor	99	0	0	0	1	sig=0
-0x|S|0|g	99	99	0	99	1	sig=0
-0x|S|0|cat	99	-0x	0	0	1	sig=0
-0x|S|I|plus	99	0	0	0	1	sig=0
-0x|S|I|bor	99	0	0	0	1	sig=0
-0x|S|I|g	99	99	0	99	1	sig=0
-0x|S|I|cat	99	-0x	0	0	1	sig=0
-0x|S|V|plus	99	99	0	99	1	sig=0
-0x|S|V|bor	99	99	0	99	1	sig=0
-0x|S|V|g	99	99	0	99	1	sig=0
-0x|S|V|cat	99	-0x	0	99	1	sig=0
-0x|S|D|plus	99	u	1	99	1	sig=0
-0x|S|D|bor	99	u	1	99	1	sig=0
-0x|S|D|g	99	u	1	99	1	sig=0
-0x|S|D|cat	99	-0x	0	u	1	sig=0
-0x|N|0|plus		0	0	0	2	sig=0
-0x|N|0|bor		0	0	0	2	sig=0
-0x|N|0|g						sig=11
-0x|N|0|cat		-0x	0	0	2	sig=0
-0x|N|I|plus		0	0	0	2	sig=0
-0x|N|I|bor		0	0	0	2	sig=0
-0x|N|I|g						sig=11
-0x|N|I|cat		-0x	0	0	2	sig=0
-0x|N|V|plus		99	0	99	2	sig=0
-0x|N|V|bor		99	0	99	2	sig=0
-0x|N|V|g						sig=11
-0x|N|V|cat		-0x	0	99	2	sig=0
-0x|N|D|plus	99	u	1	99	1	sig=0
-0x|N|D|bor	99	u	1	99	1	sig=0
-0x|N|D|g	99	u	1	99	1	sig=0
-0x|N|D|cat	99	-0x	0	u	1	sig=0
-0x|R|0|plus	REF	ADDR	0	ADDR	1	sig=0
-0x|R|0|bor	REF	0	0	ADDR	1	sig=0
-0x|R|0|g	REF	0	0	ADDR	1	sig=0
-0x|R|0|cat	REF	-0x	0	ADDR	1	sig=0
-0x|R|I|plus	REF	ADDR	0	ADDR	1	sig=0
-0x|R|I|bor	REF	0	0	ADDR	1	sig=0
-0x|R|I|g	REF	0	0	ADDR	1	sig=0
-0x|R|I|cat	REF	-0x	0	ADDR	1	sig=0
-0x|R|V|plus	REF	ADDR	0	ADDR	1	sig=0
-0x|R|V|bor	REF	0	0	ADDR	1	sig=0
-0x|R|V|g	REF	0	0	ADDR	1	sig=0
-0x|R|V|cat	REF	-0x	0	ADDR	1	sig=0
-0x|R|D|plus	REF	u	1	ADDR	1	sig=0
-0x|R|D|bor	REF	u	1	ADDR	1	sig=0
-0x|R|D|g	REF	u	1	ADDR	1	sig=0
-0x|R|D|cat	REF	-0x	0	u	1	sig=0
e5|S|0|plus	99	0	0	0	1	sig=0
e5|S|0|bor	99	0	0	0	1	sig=0
e5|S|0|g	99	99	0	99	1	sig=0
e5|S|0|cat	99	e5	0	0	1	sig=0
e5|S|I|plus	99	0	0	0	1	sig=0
e5|S|I|bor	99	0	0	0	1	sig=0
e5|S|I|g	99	99	0	99	1	sig=0
e5|S|I|cat	99	e5	0	0	1	sig=0
e5|S|V|plus	99	99	0	99	1	sig=0
e5|S|V|bor	99	99	0	99	1	sig=0
e5|S|V|g	99	99	0	99	1	sig=0
e5|S|V|cat	99	e5	0	99	1	sig=0
e5|S|D|plus	99	u	1	99	1	sig=0
e5|S|D|bor	99	u	1	99	1	sig=0
e5|S|D|g	99	u	1	99	1	sig=0
e5|S|D|cat	99	e5	0	u	1	sig=0
e5|N|0|plus		0	0	0	2	sig=0
e5|N|0|bor		0	0	0	2	sig=0
e5|N|0|g						sig=11
e5|N|0|cat		e5	0	0	2	sig=0
e5|N|I|plus		0	0	0	2	sig=0
e5|N|I|bor		0	0	0	2	sig=0
e5|N|I|g						sig=11
e5|N|I|cat		e5	0	0	2	sig=0
e5|N|V|plus		99	0	99	2	sig=0
e5|N|V|bor		99	0	99	2	sig=0
e5|N|V|g						sig=11
e5|N|V|cat		e5	0	99	2	sig=0
e5|N|D|plus	99	u	1	99	1	sig=0
e5|N|D|bor	99	u	1	99	1	sig=0
e5|N|D|g	99	u	1	99	1	sig=0
e5|N|D|cat	99	e5	0	u	1	sig=0
e5|R|0|plus	REF	ADDR	0	ADDR	1	sig=0
e5|R|0|bor	REF	0	0	ADDR	1	sig=0
e5|R|0|g	REF	0	0	ADDR	1	sig=0
e5|R|0|cat	REF	e5	0	ADDR	1	sig=0
e5|R|I|plus	REF	ADDR	0	ADDR	1	sig=0
e5|R|I|bor	REF	0	0	ADDR	1	sig=0
e5|R|I|g	REF	0	0	ADDR	1	sig=0
e5|R|I|cat	REF	e5	0	ADDR	1	sig=0
e5|R|V|plus	REF	ADDR	0	ADDR	1	sig=0
e5|R|V|bor	REF	0	0	ADDR	1	sig=0
e5|R|V|g	REF	0	0	ADDR	1	sig=0
e5|R|V|cat	REF	e5	0	ADDR	1	sig=0
e5|R|D|plus	REF	u	1	ADDR	1	sig=0
e5|R|D|bor	REF	u	1	ADDR	1	sig=0
e5|R|D|g	REF	u	1	ADDR	1	sig=0
e5|R|D|cat	REF	e5	0	u	1	sig=0
